Record Length,2.500000e+03,,  -0.000000053400, -10.80000,
Sample Interval,4.000000e-11,,  -0.000000053360, -10.80000,
Trigger Point,1.335000000000e+03,,  -0.000000053320, -10.80000,
,,,  -0.000000053280, -10.80000,
,,,  -0.000000053240, -10.80000,
,,,  -0.000000053200, -10.80000,
Source,CH1,,  -0.000000053160, -10.40000,
Vertical Units,V,,  -0.000000053120, -10.40000,
Vertical Scale,1.000000e+01,,  -0.000000053080, -10.40000,
Vertical Offset,-9.200000e+00,,  -0.000000053040, -10.40000,
Horizontal Units,s,,  -0.000000053000, -10.40000,
Horizontal Scale,1.000000e-08,,  -0.000000052960, -10.40000,
Pt Fmt,Y,,  -0.000000052920, -10.40000,
Yzero,0.000000e+00,,  -0.000000052880, -10.40000,
Probe Atten,1.000000e+01,,  -0.000000052840, -10.40000,
Model Number,TDS1012B,,  -0.000000052800, -10.80000,
Serial Number,C063631,,  -0.000000052760, -10.80000,
Firmware Version,FV:v22.01,,  -0.000000052720, -10.80000,
,,,-00.000000052680, -10.80000,
,,,-00.000000052640, -10.80000,
,,,-00.000000052600, -10.80000,
,,,-00.000000052560, -10.80000,
,,,-00.000000052520, -10.80000,
,,,-00.000000052480, -10.80000,
,,,-00.000000052440, -10.80000,
,,,-00.000000052400, -10.80000,
,,,-00.000000052360, -10.80000,
,,,-00.000000052320, -10.80000,
,,,-00.000000052280, -10.80000,
,,,-00.000000052240, -10.80000,
,,,-00.000000052200, -10.80000,
,,,-00.000000052160, -10.80000,
,,,-00.000000052120, -10.80000,
,,,-00.000000052080, -10.80000,
,,,-00.000000052040, -10.80000,
,,,-00.000000052000, -10.80000,
,,,-00.000000051960, -10.80000,
,,,-00.000000051920, -10.80000,
,,,-00.000000051880, -10.80000,
,,,-00.000000051840, -10.80000,
,,,-00.000000051800, -10.80000,
,,,-00.000000051760, -10.80000,
,,,-00.000000051720, -10.80000,
,,,-00.000000051680, -10.80000,
,,,-00.000000051640, -10.80000,
,,,-00.000000051600, -10.80000,
,,,-00.000000051560, -10.80000,
,,,-00.000000051520, -10.80000,
,,,-00.000000051480, -10.80000,
,,,-00.000000051440, -10.80000,
,,,-00.000000051400, -10.80000,
,,,-00.000000051360, -10.80000,
,,,-00.000000051320, -10.80000,
,,,-00.000000051280, -10.80000,
,,,-00.000000051240, -10.80000,
,,,-00.000000051200, -10.80000,
,,,-00.000000051160, -10.80000,
,,,-00.000000051120, -10.40000,
,,,-00.000000051080, -10.40000,
,,,-00.000000051040, -10.40000,
,,,-00.000000051000, -10.40000,
,,,-00.000000050960, -10.40000,
,,,-00.000000050920, -10.40000,
,,,-00.000000050880, -10.40000,
,,,-00.000000050840, -10.40000,
,,,-00.000000050800, -10.40000,
,,,-00.000000050760, -10.40000,
,,,-00.000000050720, -10.40000,
,,,-00.000000050680, -10.40000,
,,,-00.000000050640, -10.40000,
,,,-00.000000050600, -10.40000,
,,,-00.000000050560, -10.40000,
,,,-00.000000050520, -10.40000,
,,,-00.000000050480, -10.40000,
,,,-00.000000050440, -10.40000,
,,,-00.000000050400, -10.40000,
,,,-00.000000050360, -10.40000,
,,,-00.000000050320, -10.40000,
,,,-00.000000050280, -10.40000,
,,,-00.000000050240, -10.40000,
,,,-00.000000050200, -10.40000,
,,,-00.000000050160, -10.40000,
,,,-00.000000050120, -10.40000,
,,,-00.000000050080, -10.40000,
,,,-00.000000050040, -10.40000,
,,,-00.000000050000, -10.40000,
,,,-00.000000049960, -10.40000,
,,,-00.000000049920, -10.40000,
,,,-00.000000049880, -10.40000,
,,,-00.000000049840, -10.80000,
,,,-00.000000049800, -10.80000,
,,,-00.000000049760, -10.80000,
,,,-00.000000049720, -10.80000,
,,,-00.000000049680, -10.80000,
,,,-00.000000049640, -10.80000,
,,,-00.000000049600, -10.80000,
,,,-00.000000049560, -10.80000,
,,,-00.000000049520, -10.80000,
,,,-00.000000049480, -10.80000,
,,,-00.000000049440, -10.80000,
,,,-00.000000049400, -10.80000,
,,,-00.000000049360, -10.80000,
,,,-00.000000049320, -10.80000,
,,,-00.000000049280, -10.80000,
,,,-00.000000049240, -10.80000,
,,,-00.000000049200, -10.80000,
,,,-00.000000049160, -10.80000,
,,,-00.000000049120, -10.80000,
,,,-00.000000049080, -10.80000,
,,,-00.000000049040, -10.80000,
,,,-00.000000049000, -10.80000,
,,,-00.000000048960, -10.80000,
,,,-00.000000048920, -10.80000,
,,,-00.000000048880, -10.80000,
,,,-00.000000048840, -10.80000,
,,,-00.000000048800, -10.80000,
,,,-00.000000048760, -10.80000,
,,,-00.000000048720, -10.80000,
,,,-00.000000048680, -10.80000,
,,,-00.000000048640, -10.80000,
,,,-00.000000048600, -10.80000,
,,,-00.000000048560, -10.80000,
,,,-00.000000048520, -10.80000,
,,,-00.000000048480, -10.80000,
,,,-00.000000048440, -10.80000,
,,,-00.000000048400, -10.80000,
,,,-00.000000048360, -10.80000,
,,,-00.000000048320, -10.80000,
,,,-00.000000048280, -10.80000,
,,,-00.000000048240, -10.80000,
,,,-00.000000048200, -10.80000,
,,,-00.000000048160, -10.40000,
,,,-00.000000048120, -10.40000,
,,,-00.000000048080, -10.40000,
,,,-00.000000048040, -10.40000,
,,,-00.000000048000, -10.40000,
,,,-00.000000047960, -10.40000,
,,,-00.000000047920, -10.40000,
,,,-00.000000047880, -10.40000,
,,,-00.000000047840, -10.40000,
,,,-00.000000047800, -10.80000,
,,,-00.000000047760, -10.80000,
,,,-00.000000047720, -10.80000,
,,,-00.000000047680, -10.80000,
,,,-00.000000047640, -10.80000,
,,,-00.000000047600, -10.80000,
,,,-00.000000047560, -10.80000,
,,,-00.000000047520, -10.80000,
,,,-00.000000047480, -10.80000,
,,,-00.000000047440, -10.80000,
,,,-00.000000047400, -10.80000,
,,,-00.000000047360, -10.80000,
,,,-00.000000047320, -10.80000,
,,,-00.000000047280, -10.80000,
,,,-00.000000047240, -10.80000,
,,,-00.000000047200, -10.80000,
,,,-00.000000047160, -10.80000,
,,,-00.000000047120, -10.80000,
,,,-00.000000047080, -10.80000,
,,,-00.000000047040, -10.80000,
,,,-00.000000047000, -10.80000,
,,,-00.000000046960, -10.80000,
,,,-00.000000046920, -10.80000,
,,,-00.000000046880, -10.80000,
,,,-00.000000046840, -10.80000,
,,,-00.000000046800, -10.80000,
,,,-00.000000046760, -10.80000,
,,,-00.000000046720, -10.80000,
,,,-00.000000046680, -10.80000,
,,,-00.000000046640, -11.20000,
,,,-00.000000046600, -11.20000,
,,,-00.000000046560, -11.20000,
,,,-00.000000046520, -11.20000,
,,,-00.000000046480, -11.20000,
,,,-00.000000046440, -11.20000,
,,,-00.000000046400, -11.20000,
,,,-00.000000046360, -11.20000,
,,,-00.000000046320, -10.80000,
,,,-00.000000046280, -10.80000,
,,,-00.000000046240, -10.80000,
,,,-00.000000046200, -10.80000,
,,,-00.000000046160, -10.80000,
,,,-00.000000046120, -10.80000,
,,,-00.000000046080, -10.80000,
,,,-00.000000046040, -10.80000,
,,,-00.000000046000, -10.80000,
,,,-00.000000045960, -10.80000,
,,,-00.000000045920, -10.80000,
,,,-00.000000045880, -10.80000,
,,,-00.000000045840, -10.80000,
,,,-00.000000045800, -10.80000,
,,,-00.000000045760, -10.80000,
,,,-00.000000045720, -10.80000,
,,,-00.000000045680, -10.80000,
,,,-00.000000045640, -10.80000,
,,,-00.000000045600, -10.80000,
,,,-00.000000045560, -10.80000,
,,,-00.000000045520, -10.80000,
,,,-00.000000045480, -10.80000,
,,,-00.000000045440, -10.80000,
,,,-00.000000045400, -10.80000,
,,,-00.000000045360, -10.80000,
,,,-00.000000045320, -10.80000,
,,,-00.000000045280, -10.80000,
,,,-00.000000045240, -10.80000,
,,,-00.000000045200, -10.80000,
,,,-00.000000045160, -10.80000,
,,,-00.000000045120, -10.40000,
,,,-00.000000045080, -10.40000,
,,,-00.000000045040, -10.40000,
,,,-00.000000045000, -10.40000,
,,,-00.000000044960, -10.40000,
,,,-00.000000044920, -10.40000,
,,,-00.000000044880, -10.40000,
,,,-00.000000044840, -10.40000,
,,,-00.000000044800, -10.40000,
,,,-00.000000044760, -10.40000,
,,,-00.000000044720, -10.40000,
,,,-00.000000044680, -10.40000,
,,,-00.000000044640, -10.40000,
,,,-00.000000044600, -10.40000,
,,,-00.000000044560, -10.40000,
,,,-00.000000044520, -10.40000,
,,,-00.000000044480, -10.40000,
,,,-00.000000044440, -10.40000,
,,,-00.000000044400, -10.40000,
,,,-00.000000044360, -10.40000,
,,,-00.000000044320, -10.40000,
,,,-00.000000044280, -10.40000,
,,,-00.000000044240, -10.40000,
,,,-00.000000044200, -10.40000,
,,,-00.000000044160, -10.40000,
,,,-00.000000044120, -10.40000,
,,,-00.000000044080, -10.40000,
,,,-00.000000044040, -10.40000,
,,,-00.000000044000, -10.40000,
,,,-00.000000043960, -10.40000,
,,,-00.000000043920, -10.40000,
,,,-00.000000043880, -10.40000,
,,,-00.000000043840, -10.40000,
,,,-00.000000043800, -10.40000,
,,,-00.000000043760, -10.40000,
,,,-00.000000043720, -10.40000,
,,,-00.000000043680, -10.40000,
,,,-00.000000043640, -10.40000,
,,,-00.000000043600, -10.40000,
,,,-00.000000043560, -10.40000,
,,,-00.000000043520, -10.40000,
,,,-00.000000043480, -10.40000,
,,,-00.000000043440, -10.40000,
,,,-00.000000043400, -10.40000,
,,,-00.000000043360, -10.40000,
,,,-00.000000043320, -10.40000,
,,,-00.000000043280, -10.40000,
,,,-00.000000043240, -10.40000,
,,,-00.000000043200, -10.40000,
,,,-00.000000043160, -10.40000,
,,,-00.000000043120, -10.40000,
,,,-00.000000043080, -10.40000,
,,,-00.000000043040, -10.40000,
,,,-00.000000043000, -10.40000,
,,,-00.000000042960, -10.40000,
,,,-00.000000042920, -10.40000,
,,,-00.000000042880, -10.40000,
,,,-00.000000042840, -10.40000,
,,,-00.000000042800, -10.40000,
,,,-00.000000042760, -10.40000,
,,,-00.000000042720, -10.40000,
,,,-00.000000042680, -10.40000,
,,,-00.000000042640, -10.40000,
,,,-00.000000042600, -10.40000,
,,,-00.000000042560, -10.40000,
,,,-00.000000042520, -10.40000,
,,,-00.000000042480, -10.40000,
,,,-00.000000042440, -10.40000,
,,,-00.000000042400, -10.40000,
,,,-00.000000042360, -10.40000,
,,,-00.000000042320, -10.40000,
,,,-00.000000042280, -10.40000,
,,,-00.000000042240, -10.40000,
,,,-00.000000042200, -10.40000,
,,,-00.000000042160, -10.40000,
,,,-00.000000042120, -10.40000,
,,,-00.000000042080, -10.40000,
,,,-00.000000042040, -10.40000,
,,,-00.000000042000, -10.40000,
,,,-00.000000041960, -10.40000,
,,,-00.000000041920, -10.40000,
,,,-00.000000041880, -10.40000,
,,,-00.000000041840, -10.80000,
,,,-00.000000041800, -10.80000,
,,,-00.000000041760, -10.80000,
,,,-00.000000041720, -10.80000,
,,,-00.000000041680, -10.80000,
,,,-00.000000041640, -10.80000,
,,,-00.000000041600, -10.80000,
,,,-00.000000041560, -10.80000,
,,,-00.000000041520, -10.80000,
,,,-00.000000041480, -10.80000,
,,,-00.000000041440, -10.80000,
,,,-00.000000041400, -10.80000,
,,,-00.000000041360, -10.80000,
,,,-00.000000041320, -10.80000,
,,,-00.000000041280, -10.80000,
,,,-00.000000041240, -10.80000,
,,,-00.000000041200, -10.80000,
,,,-00.000000041160, -10.80000,
,,,-00.000000041120, -10.80000,
,,,-00.000000041080, -10.80000,
,,,-00.000000041040, -10.80000,
,,,-00.000000041000, -10.80000,
,,,-00.000000040960, -10.80000,
,,,-00.000000040920, -10.80000,
,,,-00.000000040880, -10.80000,
,,,-00.000000040840, -10.80000,
,,,-00.000000040800, -10.80000,
,,,-00.000000040760, -10.80000,
,,,-00.000000040720, -10.80000,
,,,-00.000000040680, -10.80000,
,,,-00.000000040640, -10.80000,
,,,-00.000000040600, -10.80000,
,,,-00.000000040560, -10.80000,
,,,-00.000000040520, -10.80000,
,,,-00.000000040480, -10.80000,
,,,-00.000000040440, -10.80000,
,,,-00.000000040400, -10.80000,
,,,-00.000000040360, -10.80000,
,,,-00.000000040320, -10.80000,
,,,-00.000000040280, -10.80000,
,,,-00.000000040240, -10.80000,
,,,-00.000000040200, -10.80000,
,,,-00.000000040160, -10.80000,
,,,-00.000000040120, -10.80000,
,,,-00.000000040080, -10.40000,
,,,-00.000000040040, -10.40000,
,,,-00.000000040000, -10.40000,
,,,-00.000000039960, -10.40000,
,,,-00.000000039920, -10.40000,
,,,-00.000000039880, -10.40000,
,,,-00.000000039840, -10.40000,
,,,-00.000000039800, -10.40000,
,,,-00.000000039760, -10.40000,
,,,-00.000000039720, -10.40000,
,,,-00.000000039680, -10.40000,
,,,-00.000000039640, -10.40000,
,,,-00.000000039600, -10.40000,
,,,-00.000000039560, -10.40000,
,,,-00.000000039520, -10.40000,
,,,-00.000000039480, -10.40000,
,,,-00.000000039440, -10.40000,
,,,-00.000000039400, -10.40000,
,,,-00.000000039360, -10.40000,
,,,-00.000000039320, -10.40000,
,,,-00.000000039280, -10.40000,
,,,-00.000000039240, -10.00000,
,,,-00.000000039200, -10.00000,
,,,-00.000000039160, -10.00000,
,,,-00.000000039120, -10.00000,
,,,-00.000000039080, -10.00000,
,,,-00.000000039040, -10.00000,
,,,-00.000000039000, -10.00000,
,,,-00.000000038960, -10.00000,
,,,-00.000000038920, -10.00000,
,,,-00.000000038880, -10.00000,
,,,-00.000000038840, -10.00000,
,,,-00.000000038800, -10.40000,
,,,-00.000000038760, -10.40000,
,,,-00.000000038720, -10.40000,
,,,-00.000000038680, -10.40000,
,,,-00.000000038640, -10.40000,
,,,-00.000000038600, -10.40000,
,,,-00.000000038560, -10.40000,
,,,-00.000000038520, -10.40000,
,,,-00.000000038480, -10.40000,
,,,-00.000000038440, -10.40000,
,,,-00.000000038400, -10.40000,
,,,-00.000000038360, -10.40000,
,,,-00.000000038320, -10.40000,
,,,-00.000000038280, -10.40000,
,,,-00.000000038240, -10.40000,
,,,-00.000000038200, -10.40000,
,,,-00.000000038160, -10.40000,
,,,-00.000000038120, -10.40000,
,,,-00.000000038080, -10.40000,
,,,-00.000000038040, -10.40000,
,,,-00.000000038000, -10.40000,
,,,-00.000000037960, -10.40000,
,,,-00.000000037920, -10.40000,
,,,-00.000000037880, -10.40000,
,,,-00.000000037840, -10.40000,
,,,-00.000000037800, -10.40000,
,,,-00.000000037760, -10.40000,
,,,-00.000000037720, -10.40000,
,,,-00.000000037680, -10.40000,
,,,-00.000000037640, -10.80000,
,,,-00.000000037600, -10.80000,
,,,-00.000000037560, -10.80000,
,,,-00.000000037520, -10.80000,
,,,-00.000000037480, -10.80000,
,,,-00.000000037440, -10.80000,
,,,-00.000000037400, -10.80000,
,,,-00.000000037360, -10.80000,
,,,-00.000000037320, -10.40000,
,,,-00.000000037280, -10.40000,
,,,-00.000000037240, -10.40000,
,,,-00.000000037200, -10.40000,
,,,-00.000000037160, -10.40000,
,,,-00.000000037120, -10.40000,
,,,-00.000000037080, -10.40000,
,,,-00.000000037040, -10.40000,
,,,-00.000000037000, -10.40000,
,,,-00.000000036960, -10.40000,
,,,-00.000000036920, -10.40000,
,,,-00.000000036880, -10.40000,
,,,-00.000000036840, -10.40000,
,,,-00.000000036800, -10.40000,
,,,-00.000000036760, -10.40000,
,,,-00.000000036720, -10.40000,
,,,-00.000000036680, -10.40000,
,,,-00.000000036640, -10.40000,
,,,-00.000000036600, -10.40000,
,,,-00.000000036560, -10.40000,
,,,-00.000000036520, -10.40000,
,,,-00.000000036480, -10.40000,
,,,-00.000000036440, -10.40000,
,,,-00.000000036400, -10.40000,
,,,-00.000000036360, -10.40000,
,,,-00.000000036320, -10.40000,
,,,-00.000000036280, -10.40000,
,,,-00.000000036240, -10.40000,
,,,-00.000000036200, -10.40000,
,,,-00.000000036160, -10.40000,
,,,-00.000000036120, -10.00000,
,,,-00.000000036080, -10.00000,
,,,-00.000000036040, -10.00000,
,,,-00.000000036000, -10.00000,
,,,-00.000000035960, -10.00000,
,,,-00.000000035920, -10.00000,
,,,-00.000000035880, -10.00000,
,,,-00.000000035840, -10.00000,
,,,-00.000000035800, -10.00000,
,,,-00.000000035760, -10.00000,
,,,-00.000000035720, -10.00000,
,,,-00.000000035680, -10.00000,
,,,-00.000000035640, -10.00000,
,,,-00.000000035600, -10.00000,
,,,-00.000000035560, -10.00000,
,,,-00.000000035520, -10.00000,
,,,-00.000000035480, -10.00000,
,,,-00.000000035440, -10.00000,
,,,-00.000000035400, -10.00000,
,,,-00.000000035360, -10.00000,
,,,-00.000000035320, -10.00000,
,,,-00.000000035280, -10.00000,
,,,-00.000000035240, -10.00000,
,,,-00.000000035200, -10.00000,
,,,-00.000000035160, -10.00000,
,,,-00.000000035120, -10.00000,
,,,-00.000000035080, -10.00000,
,,,-00.000000035040, -10.00000,
,,,-00.000000035000, -10.00000,
,,,-00.000000034960, -10.00000,
,,,-00.000000034920, -10.40000,
,,,-00.000000034880, -10.40000,
,,,-00.000000034840, -10.40000,
,,,-00.000000034800, -10.40000,
,,,-00.000000034760, -10.40000,
,,,-00.000000034720, -10.40000,
,,,-00.000000034680, -10.40000,
,,,-00.000000034640, -10.40000,
,,,-00.000000034600, -10.40000,
,,,-00.000000034560, -10.40000,
,,,-00.000000034520, -10.40000,
,,,-00.000000034480, -10.40000,
,,,-00.000000034440, -10.80000,
,,,-00.000000034400, -10.80000,
,,,-00.000000034360, -10.80000,
,,,-00.000000034320, -10.80000,
,,,-00.000000034280, -10.80000,
,,,-00.000000034240, -10.80000,
,,,-00.000000034200, -10.80000,
,,,-00.000000034160, -10.80000,
,,,-00.000000034120, -10.80000,
,,,-00.000000034080, -10.80000,
,,,-00.000000034040, -10.80000,
,,,-00.000000034000, -10.80000,
,,,-00.000000033960, -10.80000,
,,,-00.000000033920, -10.80000,
,,,-00.000000033880, -10.80000,
,,,-00.000000033840, -10.80000,
,,,-00.000000033800, -11.20000,
,,,-00.000000033760, -11.20000,
,,,-00.000000033720, -11.20000,
,,,-00.000000033680, -11.20000,
,,,-00.000000033640, -11.20000,
,,,-00.000000033600, -11.20000,
,,,-00.000000033560, -11.20000,
,,,-00.000000033520, -11.20000,
,,,-00.000000033480, -11.20000,
,,,-00.000000033440, -11.20000,
,,,-00.000000033400, -11.20000,
,,,-00.000000033360, -11.20000,
,,,-00.000000033320, -11.20000,
,,,-00.000000033280, -11.20000,
,,,-00.000000033240, -11.20000,
,,,-00.000000033200, -11.20000,
,,,-00.000000033160, -10.80000,
,,,-00.000000033120, -10.80000,
,,,-00.000000033080, -10.80000,
,,,-00.000000033040, -10.80000,
,,,-00.000000033000, -10.80000,
,,,-00.000000032960, -10.80000,
,,,-00.000000032920, -10.80000,
,,,-00.000000032880, -10.80000,
,,,-00.000000032840, -10.80000,
,,,-00.000000032800, -10.80000,
,,,-00.000000032760, -10.80000,
,,,-00.000000032720, -10.80000,
,,,-00.000000032680, -10.80000,
,,,-00.000000032640, -10.80000,
,,,-00.000000032600, -10.80000,
,,,-00.000000032560, -10.80000,
,,,-00.000000032520, -10.80000,
,,,-00.000000032480, -10.80000,
,,,-00.000000032440, -10.80000,
,,,-00.000000032400, -10.80000,
,,,-00.000000032360, -10.80000,
,,,-00.000000032320, -10.80000,
,,,-00.000000032280, -10.80000,
,,,-00.000000032240, -10.80000,
,,,-00.000000032200, -10.80000,
,,,-00.000000032160, -10.80000,
,,,-00.000000032120, -10.40000,
,,,-00.000000032080, -10.40000,
,,,-00.000000032040, -10.40000,
,,,-00.000000032000, -10.40000,
,,,-00.000000031960, -10.40000,
,,,-00.000000031920, -10.40000,
,,,-00.000000031880, -10.40000,
,,,-00.000000031840, -10.40000,
,,,-00.000000031800, -10.40000,
,,,-00.000000031760, -10.40000,
,,,-00.000000031720, -10.40000,
,,,-00.000000031680, -10.40000,
,,,-00.000000031640, -10.40000,
,,,-00.000000031600, -10.40000,
,,,-00.000000031560, -10.40000,
,,,-00.000000031520, -10.40000,
,,,-00.000000031480, -10.40000,
,,,-00.000000031440, -10.40000,
,,,-00.000000031400, -10.40000,
,,,-00.000000031360, -10.40000,
,,,-00.000000031320, -10.40000,
,,,-00.000000031280, -10.40000,
,,,-00.000000031240, -10.40000,
,,,-00.000000031200, -10.40000,
,,,-00.000000031160, -10.40000,
,,,-00.000000031120, -10.40000,
,,,-00.000000031080, -10.40000,
,,,-00.000000031040, -10.40000,
,,,-00.000000031000, -10.40000,
,,,-00.000000030960, -10.40000,
,,,-00.000000030920, -10.40000,
,,,-00.000000030880, -10.40000,
,,,-00.000000030840, -10.80000,
,,,-00.000000030800, -10.80000,
,,,-00.000000030760, -10.80000,
,,,-00.000000030720, -10.80000,
,,,-00.000000030680, -10.80000,
,,,-00.000000030640, -10.80000,
,,,-00.000000030600, -10.80000,
,,,-00.000000030560, -10.80000,
,,,-00.000000030520, -10.80000,
,,,-00.000000030480, -10.80000,
,,,-00.000000030440, -10.80000,
,,,-00.000000030400, -10.80000,
,,,-00.000000030360, -10.80000,
,,,-00.000000030320, -10.80000,
,,,-00.000000030280, -10.80000,
,,,-00.000000030240, -10.80000,
,,,-00.000000030200, -10.80000,
,,,-00.000000030160, -10.80000,
,,,-00.000000030120, -10.80000,
,,,-00.000000030080, -10.80000,
,,,-00.000000030040, -10.80000,
,,,-00.000000030000, -10.80000,
,,,-00.000000029960, -10.80000,
,,,-00.000000029920, -10.80000,
,,,-00.000000029880, -10.80000,
,,,-00.000000029840, -10.80000,
,,,-00.000000029800, -10.80000,
,,,-00.000000029760, -10.80000,
,,,-00.000000029720, -10.80000,
,,,-00.000000029680, -10.80000,
,,,-00.000000029640, -10.80000,
,,,-00.000000029600, -10.80000,
,,,-00.000000029560, -10.80000,
,,,-00.000000029520, -10.80000,
,,,-00.000000029480, -10.80000,
,,,-00.000000029440, -10.80000,
,,,-00.000000029400, -10.80000,
,,,-00.000000029360, -10.80000,
,,,-00.000000029320, -10.80000,
,,,-00.000000029280, -10.80000,
,,,-00.000000029240, -10.80000,
,,,-00.000000029200, -10.80000,
,,,-00.000000029160, -10.40000,
,,,-00.000000029120, -10.40000,
,,,-00.000000029080, -10.40000,
,,,-00.000000029040, -10.40000,
,,,-00.000000029000, -10.40000,
,,,-00.000000028960, -10.40000,
,,,-00.000000028920, -10.40000,
,,,-00.000000028880, -10.40000,
,,,-00.000000028840, -10.40000,
,,,-00.000000028800, -10.80000,
,,,-00.000000028760, -10.80000,
,,,-00.000000028720, -10.80000,
,,,-00.000000028680, -10.80000,
,,,-00.000000028640, -10.80000,
,,,-00.000000028600, -10.80000,
,,,-00.000000028560, -10.80000,
,,,-00.000000028520, -10.80000,
,,,-00.000000028480, -10.80000,
,,,-00.000000028440, -10.80000,
,,,-00.000000028400, -10.80000,
,,,-00.000000028360, -10.80000,
,,,-00.000000028320, -10.80000,
,,,-00.000000028280, -10.80000,
,,,-00.000000028240, -10.80000,
,,,-00.000000028200, -10.80000,
,,,-00.000000028160, -10.80000,
,,,-00.000000028120, -10.80000,
,,,-00.000000028080, -10.80000,
,,,-00.000000028040, -10.80000,
,,,-00.000000028000, -10.80000,
,,,-00.000000027960, -10.80000,
,,,-00.000000027920, -10.80000,
,,,-00.000000027880, -10.80000,
,,,-00.000000027840, -10.80000,
,,,-00.000000027800, -10.80000,
,,,-00.000000027760, -10.80000,
,,,-00.000000027720, -10.80000,
,,,-00.000000027680, -10.80000,
,,,-00.000000027640, -10.80000,
,,,-00.000000027600, -10.80000,
,,,-00.000000027560, -10.80000,
,,,-00.000000027520, -10.80000,
,,,-00.000000027480, -10.80000,
,,,-00.000000027440, -10.80000,
,,,-00.000000027400, -10.80000,
,,,-00.000000027360, -10.80000,
,,,-00.000000027320, -10.80000,
,,,-00.000000027280, -10.80000,
,,,-00.000000027240, -10.80000,
,,,-00.000000027200, -10.80000,
,,,-00.000000027160, -10.80000,
,,,-00.000000027120, -10.80000,
,,,-00.000000027080, -10.80000,
,,,-00.000000027040, -10.80000,
,,,-00.000000027000, -10.80000,
,,,-00.000000026960, -10.80000,
,,,-00.000000026920, -10.80000,
,,,-00.000000026880, -10.80000,
,,,-00.000000026840, -10.80000,
,,,-00.000000026800, -10.80000,
,,,-00.000000026760, -10.80000,
,,,-00.000000026720, -10.80000,
,,,-00.000000026680, -10.80000,
,,,-00.000000026640, -10.80000,
,,,-00.000000026600, -10.80000,
,,,-00.000000026560, -10.80000,
,,,-00.000000026520, -10.80000,
,,,-00.000000026480, -10.80000,
,,,-00.000000026440, -10.80000,
,,,-00.000000026400, -10.80000,
,,,-00.000000026360, -10.80000,
,,,-00.000000026320, -10.80000,
,,,-00.000000026280, -10.80000,
,,,-00.000000026240, -10.80000,
,,,-00.000000026200, -10.80000,
,,,-00.000000026160, -10.80000,
,,,-00.000000026120, -10.80000,
,,,-00.000000026080, -10.80000,
,,,-00.000000026040, -10.80000,
,,,-00.000000026000, -10.80000,
,,,-00.000000025960, -10.80000,
,,,-00.000000025920, -10.80000,
,,,-00.000000025880, -10.80000,
,,,-00.000000025840, -10.80000,
,,,-00.000000025800, -10.80000,
,,,-00.000000025760, -10.80000,
,,,-00.000000025720, -10.80000,
,,,-00.000000025680, -10.80000,
,,,-00.000000025640, -10.80000,
,,,-00.000000025600, -10.80000,
,,,-00.000000025560, -10.80000,
,,,-00.000000025520, -10.80000,
,,,-00.000000025480, -10.80000,
,,,-00.000000025440, -10.80000,
,,,-00.000000025400, -10.80000,
,,,-00.000000025360, -10.80000,
,,,-00.000000025320, -10.80000,
,,,-00.000000025280, -10.80000,
,,,-00.000000025240, -10.80000,
,,,-00.000000025200, -10.80000,
,,,-00.000000025160, -10.80000,
,,,-00.000000025120, -10.80000,
,,,-00.000000025080, -10.80000,
,,,-00.000000025040, -10.80000,
,,,-00.000000025000, -10.80000,
,,,-00.000000024960, -10.80000,
,,,-00.000000024920, -10.80000,
,,,-00.000000024880, -10.80000,
,,,-00.000000024840, -10.80000,
,,,-00.000000024800, -10.80000,
,,,-00.000000024760, -10.80000,
,,,-00.000000024720, -10.80000,
,,,-00.000000024680, -10.80000,
,,,-00.000000024640, -10.80000,
,,,-00.000000024600, -10.80000,
,,,-00.000000024560, -10.80000,
,,,-00.000000024520, -10.80000,
,,,-00.000000024480, -10.80000,
,,,-00.000000024440, -10.80000,
,,,-00.000000024400, -10.80000,
,,,-00.000000024360, -10.80000,
,,,-00.000000024320, -10.80000,
,,,-00.000000024280, -10.80000,
,,,-00.000000024240, -10.80000,
,,,-00.000000024200, -10.80000,
,,,-00.000000024160, -10.80000,
,,,-00.000000024120, -10.80000,
,,,-00.000000024080, -10.80000,
,,,-00.000000024040, -10.80000,
,,,-00.000000024000, -10.80000,
,,,-00.000000023960, -10.80000,
,,,-00.000000023920, -10.80000,
,,,-00.000000023880, -10.80000,
,,,-00.000000023840, -10.80000,
,,,-00.000000023800, -10.80000,
,,,-00.000000023760, -10.80000,
,,,-00.000000023720, -10.80000,
,,,-00.000000023680, -10.80000,
,,,-00.000000023640, -10.80000,
,,,-00.000000023600, -10.80000,
,,,-00.000000023560, -10.80000,
,,,-00.000000023520, -10.80000,
,,,-00.000000023480, -10.80000,
,,,-00.000000023440, -10.80000,
,,,-00.000000023400, -10.80000,
,,,-00.000000023360, -10.80000,
,,,-00.000000023320, -10.80000,
,,,-00.000000023280, -10.80000,
,,,-00.000000023240, -10.80000,
,,,-00.000000023200, -10.80000,
,,,-00.000000023160, -10.80000,
,,,-00.000000023120, -10.40000,
,,,-00.000000023080, -10.40000,
,,,-00.000000023040, -10.40000,
,,,-00.000000023000, -10.40000,
,,,-00.000000022960, -10.40000,
,,,-00.000000022920, -10.40000,
,,,-00.000000022880, -10.40000,
,,,-00.000000022840, -10.40000,
,,,-00.000000022800, -10.40000,
,,,-00.000000022760, -10.40000,
,,,-00.000000022720, -10.40000,
,,,-00.000000022680, -10.40000,
,,,-00.000000022640, -10.40000,
,,,-00.000000022600, -10.40000,
,,,-00.000000022560, -10.40000,
,,,-00.000000022520, -10.40000,
,,,-00.000000022480, -10.40000,
,,,-00.000000022440, -10.40000,
,,,-00.000000022400, -10.40000,
,,,-00.000000022360, -10.40000,
,,,-00.000000022320, -10.40000,
,,,-00.000000022280, -10.40000,
,,,-00.000000022240, -10.40000,
,,,-00.000000022200, -10.40000,
,,,-00.000000022160, -10.40000,
,,,-00.000000022120, -10.40000,
,,,-00.000000022080, -10.40000,
,,,-00.000000022040, -10.40000,
,,,-00.000000022000, -10.40000,
,,,-00.000000021960, -10.40000,
,,,-00.000000021920, -10.40000,
,,,-00.000000021880, -10.40000,
,,,-00.000000021840, -10.40000,
,,,-00.000000021800, -10.80000,
,,,-00.000000021760, -10.80000,
,,,-00.000000021720, -10.80000,
,,,-00.000000021680, -10.80000,
,,,-00.000000021640, -10.80000,
,,,-00.000000021600, -10.80000,
,,,-00.000000021560, -10.80000,
,,,-00.000000021520, -10.80000,
,,,-00.000000021480, -10.80000,
,,,-00.000000021440, -10.80000,
,,,-00.000000021400, -10.80000,
,,,-00.000000021360, -10.80000,
,,,-00.000000021320, -10.80000,
,,,-00.000000021280, -10.80000,
,,,-00.000000021240, -10.80000,
,,,-00.000000021200, -10.80000,
,,,-00.000000021160, -10.80000,
,,,-00.000000021120, -10.80000,
,,,-00.000000021080, -10.80000,
,,,-00.000000021040, -10.80000,
,,,-00.000000021000, -10.80000,
,,,-00.000000020960, -10.80000,
,,,-00.000000020920, -10.80000,
,,,-00.000000020880, -11.20000,
,,,-00.000000020840, -11.20000,
,,,-00.000000020800, -11.20000,
,,,-00.000000020760, -11.20000,
,,,-00.000000020720, -11.20000,
,,,-00.000000020680, -11.20000,
,,,-00.000000020640, -11.20000,
,,,-00.000000020600, -11.20000,
,,,-00.000000020560, -11.20000,
,,,-00.000000020520, -11.20000,
,,,-00.000000020480, -11.20000,
,,,-00.000000020440, -11.20000,
,,,-00.000000020400, -11.20000,
,,,-00.000000020360, -11.20000,
,,,-00.000000020320, -11.20000,
,,,-00.000000020280, -11.20000,
,,,-00.000000020240, -11.20000,
,,,-00.000000020200, -11.20000,
,,,-00.000000020160, -11.20000,
,,,-00.000000020120, -11.20000,
,,,-00.000000020080, -11.20000,
,,,-00.000000020040, -11.20000,
,,,-00.000000020000, -11.20000,
,,,-00.000000019960, -11.20000,
,,,-00.000000019920, -11.20000,
,,,-00.000000019880, -11.20000,
,,,-00.000000019840, -11.20000,
,,,-00.000000019800, -11.20000,
,,,-00.000000019760, -11.20000,
,,,-00.000000019720, -11.20000,
,,,-00.000000019680, -11.20000,
,,,-00.000000019640, -11.20000,
,,,-00.000000019600, -11.20000,
,,,-00.000000019560, -11.20000,
,,,-00.000000019520, -11.20000,
,,,-00.000000019480, -11.20000,
,,,-00.000000019440, -11.20000,
,,,-00.000000019400, -11.20000,
,,,-00.000000019360, -11.20000,
,,,-00.000000019320, -11.20000,
,,,-00.000000019280, -11.20000,
,,,-00.000000019240, -11.20000,
,,,-00.000000019200, -11.20000,
,,,-00.000000019160, -11.20000,
,,,-00.000000019120, -11.20000,
,,,-00.000000019080, -11.20000,
,,,-00.000000019040, -10.80000,
,,,-00.000000019000, -10.80000,
,,,-00.000000018960, -10.80000,
,,,-00.000000018920, -10.80000,
,,,-00.000000018880, -10.80000,
,,,-00.000000018840, -10.80000,
,,,-00.000000018800, -10.80000,
,,,-00.000000018760, -10.80000,
,,,-00.000000018720, -10.80000,
,,,-00.000000018680, -10.80000,
,,,-00.000000018640, -10.80000,
,,,-00.000000018600, -10.80000,
,,,-00.000000018560, -10.40000,
,,,-00.000000018520, -10.40000,
,,,-00.000000018480, -10.40000,
,,,-00.000000018440, -10.40000,
,,,-00.000000018400, -10.40000,
,,,-00.000000018360, -10.40000,
,,,-00.000000018320, -10.40000,
,,,-00.000000018280, -10.40000,
,,,-00.000000018240, -10.40000,
,,,-00.000000018200, -10.40000,
,,,-00.000000018160, -10.40000,
,,,-00.000000018120, -10.40000,
,,,-00.000000018080, -10.00000,
,,,-00.000000018040, -10.00000,
,,,-00.000000018000, -10.00000,
,,,-00.000000017960, -10.00000,
,,,-00.000000017920, -10.00000,
,,,-00.000000017880, -10.00000,
,,,-00.000000017840, -10.00000,
,,,-00.000000017800, -10.00000,
,,,-00.000000017760, -10.00000,
,,,-00.000000017720, -10.00000,
,,,-00.000000017680, -10.00000,
,,,-00.000000017640, -10.00000,
,,,-00.000000017600, -10.00000,
,,,-00.000000017560, -10.00000,
,,,-00.000000017520, -10.00000,
,,,-00.000000017480, -10.00000,
,,,-00.000000017440, -10.00000,
,,,-00.000000017400, -10.00000,
,,,-00.000000017360, -10.00000,
,,,-00.000000017320, -10.00000,
,,,-00.000000017280, -10.00000,
,,,-00.000000017240, -10.00000,
,,,-00.000000017200, -10.00000,
,,,-00.000000017160, -10.00000,
,,,-00.000000017120, -10.00000,
,,,-00.000000017080, -10.00000,
,,,-00.000000017040, -10.00000,
,,,-00.000000017000, -10.00000,
,,,-00.000000016960, -10.00000,
,,,-00.000000016920, -10.00000,
,,,-00.000000016880, -10.00000,
,,,-00.000000016840, -10.40000,
,,,-00.000000016800, -10.40000,
,,,-00.000000016760, -10.40000,
,,,-00.000000016720, -10.40000,
,,,-00.000000016680, -10.40000,
,,,-00.000000016640, -10.40000,
,,,-00.000000016600, -10.40000,
,,,-00.000000016560, -10.40000,
,,,-00.000000016520, -10.40000,
,,,-00.000000016480, -10.40000,
,,,-00.000000016440, -10.40000,
,,,-00.000000016400, -10.40000,
,,,-00.000000016360, -10.40000,
,,,-00.000000016320, -10.40000,
,,,-00.000000016280, -10.40000,
,,,-00.000000016240, -10.40000,
,,,-00.000000016200, -10.40000,
,,,-00.000000016160, -10.40000,
,,,-00.000000016120, -10.40000,
,,,-00.000000016080, -10.40000,
,,,-00.000000016040, -10.40000,
,,,-00.000000016000, -10.40000,
,,,-00.000000015960, -10.40000,
,,,-00.000000015920, -10.40000,
,,,-00.000000015880, -10.40000,
,,,-00.000000015840, -10.40000,
,,,-00.000000015800, -10.40000,
,,,-00.000000015760, -10.40000,
,,,-00.000000015720, -10.40000,
,,,-00.000000015680, -10.40000,
,,,-00.000000015640, -10.40000,
,,,-00.000000015600, -10.40000,
,,,-00.000000015560, -10.40000,
,,,-00.000000015520, -10.40000,
,,,-00.000000015480, -10.40000,
,,,-00.000000015440, -10.40000,
,,,-00.000000015400, -10.40000,
,,,-00.000000015360, -10.40000,
,,,-00.000000015320, -10.40000,
,,,-00.000000015280, -10.40000,
,,,-00.000000015240, -10.40000,
,,,-00.000000015200, -10.40000,
,,,-00.000000015160, -10.40000,
,,,-00.000000015120, -10.40000,
,,,-00.000000015080, -10.40000,
,,,-00.000000015040, -10.40000,
,,,-00.000000015000, -10.40000,
,,,-00.000000014960, -10.40000,
,,,-00.000000014920, -10.40000,
,,,-00.000000014880, -10.40000,
,,,-00.000000014840, -10.40000,
,,,-00.000000014800, -10.40000,
,,,-00.000000014760, -10.40000,
,,,-00.000000014720, -10.40000,
,,,-00.000000014680, -10.40000,
,,,-00.000000014640, -10.40000,
,,,-00.000000014600, -10.40000,
,,,-00.000000014560, -10.40000,
,,,-00.000000014520, -10.40000,
,,,-00.000000014480, -10.40000,
,,,-00.000000014440, -10.40000,
,,,-00.000000014400, -10.40000,
,,,-00.000000014360, -10.40000,
,,,-00.000000014320, -10.40000,
,,,-00.000000014280, -10.40000,
,,,-00.000000014240, -10.40000,
,,,-00.000000014200, -10.40000,
,,,-00.000000014160, -10.40000,
,,,-00.000000014120, -10.40000,
,,,-00.000000014080, -10.40000,
,,,-00.000000014040, -10.40000,
,,,-00.000000014000, -10.40000,
,,,-00.000000013960, -10.40000,
,,,-00.000000013920, -10.40000,
,,,-00.000000013880, -10.40000,
,,,-00.000000013840, -10.40000,
,,,-00.000000013800, -10.40000,
,,,-00.000000013760, -10.40000,
,,,-00.000000013720, -10.40000,
,,,-00.000000013680, -10.40000,
,,,-00.000000013640, -10.40000,
,,,-00.000000013600, -10.40000,
,,,-00.000000013560, -10.40000,
,,,-00.000000013520, -10.40000,
,,,-00.000000013480, -10.40000,
,,,-00.000000013440, -10.40000,
,,,-00.000000013400, -10.40000,
,,,-00.000000013360, -10.40000,
,,,-00.000000013320, -10.40000,
,,,-00.000000013280, -10.40000,
,,,-00.000000013240, -10.40000,
,,,-00.000000013200, -10.40000,
,,,-00.000000013160, -10.40000,
,,,-00.000000013120, -10.40000,
,,,-00.000000013080, -10.40000,
,,,-00.000000013040, -10.40000,
,,,-00.000000013000, -10.40000,
,,,-00.000000012960, -10.40000,
,,,-00.000000012920, -10.40000,
,,,-00.000000012880, -10.40000,
,,,-00.000000012840, -10.40000,
,,,-00.000000012800, -10.40000,
,,,-00.000000012760, -10.40000,
,,,-00.000000012720, -10.40000,
,,,-00.000000012680, -10.40000,
,,,-00.000000012640, -10.40000,
,,,-00.000000012600, -10.40000,
,,,-00.000000012560, -10.40000,
,,,-00.000000012520, -10.40000,
,,,-00.000000012480, -10.40000,
,,,-00.000000012440, -10.40000,
,,,-00.000000012400, -10.40000,
,,,-00.000000012360, -10.40000,
,,,-00.000000012320, -10.40000,
,,,-00.000000012280, -10.40000,
,,,-00.000000012240, -10.40000,
,,,-00.000000012200, -10.40000,
,,,-00.000000012160, -10.40000,
,,,-00.000000012120, -10.40000,
,,,-00.000000012080, -10.40000,
,,,-00.000000012040, -10.40000,
,,,-00.000000012000, -10.40000,
,,,-00.000000011960, -10.40000,
,,,-00.000000011920, -10.40000,
,,,-00.000000011880, -10.40000,
,,,-00.000000011840, -10.40000,
,,,-00.000000011800, -10.40000,
,,,-00.000000011760, -10.40000,
,,,-00.000000011720, -10.40000,
,,,-00.000000011680, -10.40000,
,,,-00.000000011640, -10.40000,
,,,-00.000000011600, -10.40000,
,,,-00.000000011560, -10.40000,
,,,-00.000000011520, -10.40000,
,,,-00.000000011480, -10.40000,
,,,-00.000000011440, -10.40000,
,,,-00.000000011400, -10.40000,
,,,-00.000000011360, -10.40000,
,,,-00.000000011320, -10.40000,
,,,-00.000000011280, -10.40000,
,,,-00.000000011240, -10.40000,
,,,-00.000000011200, -10.40000,
,,,-00.000000011160, -10.40000,
,,,-00.000000011120, -10.40000,
,,,-00.000000011080, -10.40000,
,,,-00.000000011040, -10.40000,
,,,-00.000000011000, -10.40000,
,,,-00.000000010960, -10.40000,
,,,-00.000000010920, -10.40000,
,,,-00.000000010880, -10.40000,
,,,-00.000000010840, -10.80000,
,,,-00.000000010800, -10.80000,
,,,-00.000000010760, -10.80000,
,,,-00.000000010720, -10.80000,
,,,-00.000000010680, -10.80000,
,,,-00.000000010640, -10.80000,
,,,-00.000000010600, -10.80000,
,,,-00.000000010560, -10.80000,
,,,-00.000000010520, -10.80000,
,,,-00.000000010480, -10.80000,
,,,-00.000000010440, -10.80000,
,,,-00.000000010400, -10.80000,
,,,-00.000000010360, -10.80000,
,,,-00.000000010320, -10.80000,
,,,-00.000000010280, -10.80000,
,,,-00.000000010240, -10.80000,
,,,-00.000000010200, -10.80000,
,,,-00.000000010160, -10.80000,
,,,-00.000000010120, -10.80000,
,,,-00.000000010080, -10.80000,
,,,-00.000000010040, -10.80000,
,,,-00.000000010000, -10.80000,
,,,-00.000000009960, -10.80000,
,,,-00.000000009920, -10.80000,
,,,-00.000000009880, -10.80000,
,,,-00.000000009840, -10.80000,
,,,-00.000000009800, -10.80000,
,,,-00.000000009760, -10.80000,
,,,-00.000000009720, -10.80000,
,,,-00.000000009680, -10.80000,
,,,-00.000000009640, -10.80000,
,,,-00.000000009600, -10.80000,
,,,-00.000000009560, -10.80000,
,,,-00.000000009520, -10.80000,
,,,-00.000000009480, -10.80000,
,,,-00.000000009440, -10.80000,
,,,-00.000000009400, -10.80000,
,,,-00.000000009360, -10.80000,
,,,-00.000000009320, -10.80000,
,,,-00.000000009280, -10.80000,
,,,-00.000000009240, -10.80000,
,,,-00.000000009200, -10.80000,
,,,-00.000000009160, -10.80000,
,,,-00.000000009120, -10.80000,
,,,-00.000000009080, -10.80000,
,,,-00.000000009040, -10.80000,
,,,-00.000000009000, -10.80000,
,,,-00.000000008960, -10.80000,
,,,-00.000000008920, -10.80000,
,,,-00.000000008880, -10.80000,
,,,-00.000000008840, -10.80000,
,,,-00.000000008800, -10.80000,
,,,-00.000000008760, -10.80000,
,,,-00.000000008720, -10.80000,
,,,-00.000000008680, -10.80000,
,,,-00.000000008640, -10.80000,
,,,-00.000000008600, -10.80000,
,,,-00.000000008560, -10.80000,
,,,-00.000000008520, -10.80000,
,,,-00.000000008480, -10.80000,
,,,-00.000000008440, -10.80000,
,,,-00.000000008400, -10.80000,
,,,-00.000000008360, -10.80000,
,,,-00.000000008320, -10.80000,
,,,-00.000000008280, -10.80000,
,,,-00.000000008240, -10.80000,
,,,-00.000000008200, -10.80000,
,,,-00.000000008160, -10.80000,
,,,-00.000000008120, -10.80000,
,,,-00.000000008080, -10.80000,
,,,-00.000000008040, -10.80000,
,,,-00.000000008000, -10.80000,
,,,-00.000000007960, -10.80000,
,,,-00.000000007920, -10.80000,
,,,-00.000000007880, -10.80000,
,,,-00.000000007840, -10.80000,
,,,-00.000000007800, -10.80000,
,,,-00.000000007760, -10.80000,
,,,-00.000000007720, -10.80000,
,,,-00.000000007680, -10.80000,
,,,-00.000000007640, -10.80000,
,,,-00.000000007600, -10.80000,
,,,-00.000000007560, -10.80000,
,,,-00.000000007520, -10.80000,
,,,-00.000000007480, -10.80000,
,,,-00.000000007440, -10.80000,
,,,-00.000000007400, -10.80000,
,,,-00.000000007360, -10.80000,
,,,-00.000000007320, -10.80000,
,,,-00.000000007280, -10.80000,
,,,-00.000000007240, -10.80000,
,,,-00.000000007200, -10.80000,
,,,-00.000000007160, -10.80000,
,,,-00.000000007120, -10.80000,
,,,-00.000000007080, -10.80000,
,,,-00.000000007040, -10.80000,
,,,-00.000000007000, -10.80000,
,,,-00.000000006960, -10.80000,
,,,-00.000000006920, -10.80000,
,,,-00.000000006880, -10.80000,
,,,-00.000000006840, -10.80000,
,,,-00.000000006800, -10.80000,
,,,-00.000000006760, -10.80000,
,,,-00.000000006720, -10.80000,
,,,-00.000000006680, -10.80000,
,,,-00.000000006640, -10.80000,
,,,-00.000000006600, -10.80000,
,,,-00.000000006560, -10.80000,
,,,-00.000000006520, -10.80000,
,,,-00.000000006480, -10.80000,
,,,-00.000000006440, -10.80000,
,,,-00.000000006400, -10.80000,
,,,-00.000000006360, -10.80000,
,,,-00.000000006320, -10.80000,
,,,-00.000000006280, -10.80000,
,,,-00.000000006240, -10.80000,
,,,-00.000000006200, -10.80000,
,,,-00.000000006160, -10.80000,
,,,-00.000000006120, -10.80000,
,,,-00.000000006080, -10.80000,
,,,-00.000000006040, -10.40000,
,,,-00.000000006000, -10.40000,
,,,-00.000000005960, -10.40000,
,,,-00.000000005920, -10.40000,
,,,-00.000000005880, -10.40000,
,,,-00.000000005840, -10.40000,
,,,-00.000000005800, -10.40000,
,,,-00.000000005760, -10.40000,
,,,-00.000000005720, -10.40000,
,,,-00.000000005680, -10.40000,
,,,-00.000000005640, -10.40000,
,,,-00.000000005600, -10.00000,
,,,-00.000000005560, -10.00000,
,,,-00.000000005520, -10.00000,
,,,-00.000000005480, -10.00000,
,,,-00.000000005440, -10.00000,
,,,-00.000000005400, -10.00000,
,,,-00.000000005360, -10.00000,
,,,-00.000000005320, -10.00000,
,,,-00.000000005280,  -9.60000,
,,,-00.000000005240,  -9.60000,
,,,-00.000000005200,  -9.60000,
,,,-00.000000005160,  -9.60000,
,,,-00.000000005120,  -9.60000,
,,,-00.000000005080,  -9.60000,
,,,-00.000000005040,  -9.60000,
,,,-00.000000005000,  -9.20000,
,,,-00.000000004960,  -9.20000,
,,,-00.000000004920,  -9.20000,
,,,-00.000000004880,  -9.20000,
,,,-00.000000004840,  -9.20000,
,,,-00.000000004800,  -9.20000,
,,,-00.000000004760,  -8.80000,
,,,-00.000000004720,  -8.80000,
,,,-00.000000004680,  -8.80000,
,,,-00.000000004640,  -8.80000,
,,,-00.000000004600,  -8.80000,
,,,-00.000000004560,  -8.40000,
,,,-00.000000004520,  -8.40000,
,,,-00.000000004480,  -8.40000,
,,,-00.000000004440,  -8.40000,
,,,-00.000000004400,  -8.40000,
,,,-00.000000004360,  -8.00000,
,,,-00.000000004320,  -8.00000,
,,,-00.000000004280,  -8.00000,
,,,-00.000000004240,  -8.00000,
,,,-00.000000004200,  -7.60000,
,,,-00.000000004160,  -7.60000,
,,,-00.000000004120,  -7.60000,
,,,-00.000000004080,  -7.60000,
,,,-00.000000004040,  -7.60000,
,,,-00.000000004000,  -7.20000,
,,,-00.000000003960,  -7.20000,
,,,-00.000000003920,  -7.20000,
,,,-00.000000003880,  -7.20000,
,,,-00.000000003840,  -6.80000,
,,,-00.000000003800,  -6.80000,
,,,-00.000000003760,  -6.80000,
,,,-00.000000003720,  -6.80000,
,,,-00.000000003680,  -6.80000,
,,,-00.000000003640,  -6.40000,
,,,-00.000000003600,  -6.40000,
,,,-00.000000003560,  -6.40000,
,,,-00.000000003520,  -6.40000,
,,,-00.000000003480,  -6.00000,
,,,-00.000000003440,  -6.00000,
,,,-00.000000003400,  -6.00000,
,,,-00.000000003360,  -6.00000,
,,,-00.000000003320,  -5.60000,
,,,-00.000000003280,  -5.60000,
,,,-00.000000003240,  -5.60000,
,,,-00.000000003200,  -5.60000,
,,,-00.000000003160,  -5.20000,
,,,-00.000000003120,  -5.20000,
,,,-00.000000003080,  -5.20000,
,,,-00.000000003040,  -5.20000,
,,,-00.000000003000,  -4.80000,
,,,-00.000000002960,  -4.80000,
,,,-00.000000002920,  -4.80000,
,,,-00.000000002880,  -4.80000,
,,,-00.000000002840,  -4.40000,
,,,-00.000000002800,  -4.40000,
,,,-00.000000002760,  -4.40000,
,,,-00.000000002720,  -4.40000,
,,,-00.000000002680,  -4.40000,
,,,-00.000000002640,  -4.00000,
,,,-00.000000002600,  -4.00000,
,,,-00.000000002560,  -4.00000,
,,,-00.000000002520,  -4.00000,
,,,-00.000000002480,  -3.60000,
,,,-00.000000002440,  -3.60000,
,,,-00.000000002400,  -3.60000,
,,,-00.000000002360,  -3.60000,
,,,-00.000000002320,  -3.20000,
,,,-00.000000002280,  -3.20000,
,,,-00.000000002240,  -3.20000,
,,,-00.000000002200,  -3.20000,
,,,-00.000000002160,  -2.80000,
,,,-00.000000002120,  -2.80000,
,,,-00.000000002080,  -2.80000,
,,,-00.000000002040,  -2.80000,
,,,-00.000000002000,  -2.40000,
,,,-00.000000001960,  -2.40000,
,,,-00.000000001920,  -2.40000,
,,,-00.000000001880,  -2.40000,
,,,-00.000000001840,  -2.00000,
,,,-00.000000001800,  -2.00000,
,,,-00.000000001760,  -2.00000,
,,,-00.000000001720,  -1.60000,
,,,-00.000000001680,  -1.60000,
,,,-00.000000001640,  -1.60000,
,,,-00.000000001600,  -1.60000,
,,,-00.000000001560,  -1.20000,
,,,-00.000000001520,  -1.20000,
,,,-00.000000001480,  -1.20000,
,,,-00.000000001440,  -1.20000,
,,,-00.000000001400,  -0.80000,
,,,-00.000000001360,  -0.80000,
,,,-00.000000001320,  -0.80000,
,,,-00.000000001280,  -0.40000,
,,,-00.000000001240,  -0.40000,
,,,-00.000000001200,  -0.40000,
,,,-00.000000001160,  -0.40000,
,,,-00.000000001120,   0.00000,
,,,-00.000000001080,   0.00000,
,,,-00.000000001040,   0.00000,
,,,-00.000000001000,   0.40000,
,,,-00.000000000960,   0.40000,
,,,-00.000000000920,   0.40000,
,,,-00.000000000880,   0.80000,
,,,-00.000000000840,   0.80000,
,,,-00.000000000800,   0.80000,
,,,-00.000000000760,   0.80000,
,,,-00.000000000720,   1.20000,
,,,-00.000000000680,   1.20000,
,,,-00.000000000640,   1.20000,
,,,-00.000000000600,   1.60000,
,,,-00.000000000560,   1.60000,
,,,-00.000000000520,   1.60000,
,,,-00.000000000480,   1.60000,
,,,-00.000000000440,   2.00000,
,,,-00.000000000400,   2.00000,
,,,-00.000000000360,   2.00000,
,,,-00.000000000320,   2.40000,
,,,-00.000000000280,   2.40000,
,,,-00.000000000240,   2.40000,
,,,-00.000000000200,   2.40000,
,,,-00.000000000160,   2.80000,
,,,-00.000000000120,   2.80000,
,,,-00.000000000080,   2.80000,
,,,-00.000000000040,   2.80000,
,,,-00.000000000000,   3.20000,
,,,00.000000000040,   3.20000,
,,,00.000000000080,   3.20000,
,,,00.000000000120,   3.20000,
,,,00.000000000160,   3.60000,
,,,00.000000000200,   3.60000,
,,,00.000000000240,   3.60000,
,,,00.000000000280,   3.60000,
,,,00.000000000320,   3.60000,
,,,00.000000000360,   4.00000,
,,,00.000000000400,   4.00000,
,,,00.000000000440,   4.00000,
,,,00.000000000480,   4.00000,
,,,00.000000000520,   4.00000,
,,,00.000000000560,   4.40000,
,,,00.000000000600,   4.40000,
,,,00.000000000640,   4.40000,
,,,00.000000000680,   4.40000,
,,,00.000000000720,   4.40000,
,,,00.000000000760,   4.80000,
,,,00.000000000800,   4.80000,
,,,00.000000000840,   4.80000,
,,,00.000000000880,   4.80000,
,,,00.000000000920,   4.80000,
,,,00.000000000960,   4.80000,
,,,00.000000001000,   5.20000,
,,,00.000000001040,   5.20000,
,,,00.000000001080,   5.20000,
,,,00.000000001120,   5.20000,
,,,00.000000001160,   5.20000,
,,,00.000000001200,   5.20000,
,,,00.000000001240,   5.60000,
,,,00.000000001280,   5.60000,
,,,00.000000001320,   5.60000,
,,,00.000000001360,   5.60000,
,,,00.000000001400,   5.60000,
,,,00.000000001440,   5.60000,
,,,00.000000001480,   6.00000,
,,,00.000000001520,   6.00000,
,,,00.000000001560,   6.00000,
,,,00.000000001600,   6.00000,
,,,00.000000001640,   6.00000,
,,,00.000000001680,   6.00000,
,,,00.000000001720,   6.40000,
,,,00.000000001760,   6.40000,
,,,00.000000001800,   6.40000,
,,,00.000000001840,   6.40000,
,,,00.000000001880,   6.40000,
,,,00.000000001920,   6.40000,
,,,00.000000001960,   6.40000,
,,,00.000000002000,   6.80000,
,,,00.000000002040,   6.80000,
,,,00.000000002080,   6.80000,
,,,00.000000002120,   6.80000,
,,,00.000000002160,   6.80000,
,,,00.000000002200,   7.20000,
,,,00.000000002240,   7.20000,
,,,00.000000002280,   7.20000,
,,,00.000000002320,   7.20000,
,,,00.000000002360,   7.20000,
,,,00.000000002400,   7.20000,
,,,00.000000002440,   7.60000,
,,,00.000000002480,   7.60000,
,,,00.000000002520,   7.60000,
,,,00.000000002560,   7.60000,
,,,00.000000002600,   7.60000,
,,,00.000000002640,   7.60000,
,,,00.000000002680,   7.60000,
,,,00.000000002720,   8.00000,
,,,00.000000002760,   8.00000,
,,,00.000000002800,   8.00000,
,,,00.000000002840,   8.00000,
,,,00.000000002880,   8.00000,
,,,00.000000002920,   8.00000,
,,,00.000000002960,   8.00000,
,,,00.000000003000,   8.40000,
,,,00.000000003040,   8.40000,
,,,00.000000003080,   8.40000,
,,,00.000000003120,   8.40000,
,,,00.000000003160,   8.40000,
,,,00.000000003200,   8.40000,
,,,00.000000003240,   8.40000,
,,,00.000000003280,   8.40000,
,,,00.000000003320,   8.40000,
,,,00.000000003360,   8.40000,
,,,00.000000003400,   8.80000,
,,,00.000000003440,   8.80000,
,,,00.000000003480,   8.80000,
,,,00.000000003520,   8.80000,
,,,00.000000003560,   8.80000,
,,,00.000000003600,   8.80000,
,,,00.000000003640,   8.80000,
,,,00.000000003680,   8.80000,
,,,00.000000003720,   8.80000,
,,,00.000000003760,   8.80000,
,,,00.000000003800,   8.80000,
,,,00.000000003840,   8.80000,
,,,00.000000003880,   8.80000,
,,,00.000000003920,   8.80000,
,,,00.000000003960,   9.20000,
,,,00.000000004000,   9.20000,
,,,00.000000004040,   9.20000,
,,,00.000000004080,   9.20000,
,,,00.000000004120,   9.20000,
,,,00.000000004160,   9.20000,
,,,00.000000004200,   9.20000,
,,,00.000000004240,   9.20000,
,,,00.000000004280,   9.20000,
,,,00.000000004320,   9.20000,
,,,00.000000004360,   9.20000,
,,,00.000000004400,   9.20000,
,,,00.000000004440,   9.60000,
,,,00.000000004480,   9.60000,
,,,00.000000004520,   9.60000,
,,,00.000000004560,   9.60000,
,,,00.000000004600,   9.60000,
,,,00.000000004640,   9.60000,
,,,00.000000004680,   9.60000,
,,,00.000000004720,   9.60000,
,,,00.000000004760,   9.60000,
,,,00.000000004800,   9.60000,
,,,00.000000004840,   9.60000,
,,,00.000000004880,   9.60000,
,,,00.000000004920,   9.60000,
,,,00.000000004960,  10.00000,
,,,00.000000005000,  10.00000,
,,,00.000000005040,  10.00000,
,,,00.000000005080,  10.00000,
,,,00.000000005120,  10.00000,
,,,00.000000005160,  10.00000,
,,,00.000000005200,  10.00000,
,,,00.000000005240,  10.00000,
,,,00.000000005280,  10.00000,
,,,00.000000005320,  10.00000,
,,,00.000000005360,  10.00000,
,,,00.000000005400,  10.00000,
,,,00.000000005440,  10.00000,
,,,00.000000005480,  10.00000,
,,,00.000000005520,  10.00000,
,,,00.000000005560,  10.00000,
,,,00.000000005600,  10.00000,
,,,00.000000005640,  10.00000,
,,,00.000000005680,  10.00000,
,,,00.000000005720,  10.40000,
,,,00.000000005760,  10.40000,
,,,00.000000005800,  10.40000,
,,,00.000000005840,  10.40000,
,,,00.000000005880,  10.40000,
,,,00.000000005920,  10.40000,
,,,00.000000005960,  10.40000,
,,,00.000000006000,  10.40000,
,,,00.000000006040,  10.40000,
,,,00.000000006080,  10.40000,
,,,00.000000006120,  10.40000,
,,,00.000000006160,  10.40000,
,,,00.000000006200,  10.00000,
,,,00.000000006240,  10.00000,
,,,00.000000006280,  10.00000,
,,,00.000000006320,  10.00000,
,,,00.000000006360,  10.00000,
,,,00.000000006400,  10.00000,
,,,00.000000006440,  10.00000,
,,,00.000000006480,  10.00000,
,,,00.000000006520,  10.00000,
,,,00.000000006560,  10.00000,
,,,00.000000006600,  10.00000,
,,,00.000000006640,  10.00000,
,,,00.000000006680,  10.00000,
,,,00.000000006720,  10.00000,
,,,00.000000006760,  10.00000,
,,,00.000000006800,  10.00000,
,,,00.000000006840,  10.00000,
,,,00.000000006880,  10.00000,
,,,00.000000006920,  10.00000,
,,,00.000000006960,  10.00000,
,,,00.000000007000,  10.00000,
,,,00.000000007040,  10.00000,
,,,00.000000007080,  10.00000,
,,,00.000000007120,  10.00000,
,,,00.000000007160,  10.00000,
,,,00.000000007200,  10.00000,
,,,00.000000007240,  10.00000,
,,,00.000000007280,  10.00000,
,,,00.000000007320,  10.00000,
,,,00.000000007360,  10.00000,
,,,00.000000007400,  10.00000,
,,,00.000000007440,  10.00000,
,,,00.000000007480,  10.00000,
,,,00.000000007520,  10.00000,
,,,00.000000007560,  10.00000,
,,,00.000000007600,  10.00000,
,,,00.000000007640,  10.00000,
,,,00.000000007680,  10.00000,
,,,00.000000007720,  10.00000,
,,,00.000000007760,  10.00000,
,,,00.000000007800,  10.00000,
,,,00.000000007840,  10.00000,
,,,00.000000007880,  10.00000,
,,,00.000000007920,  10.00000,
,,,00.000000007960,  10.00000,
,,,00.000000008000,  10.00000,
,,,00.000000008040,  10.00000,
,,,00.000000008080,  10.00000,
,,,00.000000008120,  10.00000,
,,,00.000000008160,  10.00000,
,,,00.000000008200,  10.00000,
,,,00.000000008240,  10.00000,
,,,00.000000008280,  10.00000,
,,,00.000000008320,  10.00000,
,,,00.000000008360,  10.00000,
,,,00.000000008400,  10.00000,
,,,00.000000008440,  10.00000,
,,,00.000000008480,  10.00000,
,,,00.000000008520,  10.00000,
,,,00.000000008560,  10.00000,
,,,00.000000008600,  10.00000,
,,,00.000000008640,  10.00000,
,,,00.000000008680,  10.00000,
,,,00.000000008720,  10.00000,
,,,00.000000008760,  10.00000,
,,,00.000000008800,  10.00000,
,,,00.000000008840,  10.00000,
,,,00.000000008880,  10.00000,
,,,00.000000008920,  10.00000,
,,,00.000000008960,  10.00000,
,,,00.000000009000,  10.00000,
,,,00.000000009040,  10.00000,
,,,00.000000009080,  10.00000,
,,,00.000000009120,  10.00000,
,,,00.000000009160,  10.00000,
,,,00.000000009200,  10.00000,
,,,00.000000009240,  10.00000,
,,,00.000000009280,  10.00000,
,,,00.000000009320,  10.00000,
,,,00.000000009360,  10.00000,
,,,00.000000009400,  10.00000,
,,,00.000000009440,  10.00000,
,,,00.000000009480,  10.00000,
,,,00.000000009520,  10.00000,
,,,00.000000009560,  10.00000,
,,,00.000000009600,  10.00000,
,,,00.000000009640,  10.00000,
,,,00.000000009680,  10.00000,
,,,00.000000009720,  10.00000,
,,,00.000000009760,  10.00000,
,,,00.000000009800,  10.00000,
,,,00.000000009840,  10.00000,
,,,00.000000009880,  10.00000,
,,,00.000000009920,  10.00000,
,,,00.000000009960,  10.00000,
,,,00.000000010000,  10.00000,
,,,00.000000010040,  10.00000,
,,,00.000000010080,  10.00000,
,,,00.000000010120,  10.00000,
,,,00.000000010160,   9.60000,
,,,00.000000010200,   9.60000,
,,,00.000000010240,   9.60000,
,,,00.000000010280,   9.60000,
,,,00.000000010320,   9.60000,
,,,00.000000010360,   9.60000,
,,,00.000000010400,   9.60000,
,,,00.000000010440,   9.60000,
,,,00.000000010480,   9.60000,
,,,00.000000010520,   9.60000,
,,,00.000000010560,   9.60000,
,,,00.000000010600,   9.60000,
,,,00.000000010640,   9.60000,
,,,00.000000010680,   9.60000,
,,,00.000000010720,   9.60000,
,,,00.000000010760,   9.60000,
,,,00.000000010800,   9.60000,
,,,00.000000010840,   9.60000,
,,,00.000000010880,   9.60000,
,,,00.000000010920,   9.60000,
,,,00.000000010960,   9.60000,
,,,00.000000011000,   9.60000,
,,,00.000000011040,   9.60000,
,,,00.000000011080,   9.60000,
,,,00.000000011120,   9.60000,
,,,00.000000011160,   9.60000,
,,,00.000000011200,   9.60000,
,,,00.000000011240,   9.60000,
,,,00.000000011280,   9.60000,
,,,00.000000011320,   9.60000,
,,,00.000000011360,   9.60000,
,,,00.000000011400,   9.60000,
,,,00.000000011440,   9.60000,
,,,00.000000011480,   9.60000,
,,,00.000000011520,   9.60000,
,,,00.000000011560,   9.60000,
,,,00.000000011600,   9.60000,
,,,00.000000011640,   9.60000,
,,,00.000000011680,   9.60000,
,,,00.000000011720,   9.60000,
,,,00.000000011760,   9.60000,
,,,00.000000011800,   9.60000,
,,,00.000000011840,   9.60000,
,,,00.000000011880,   9.60000,
,,,00.000000011920,   9.60000,
,,,00.000000011960,   9.60000,
,,,00.000000012000,   9.60000,
,,,00.000000012040,   9.60000,
,,,00.000000012080,   9.60000,
,,,00.000000012120,   9.60000,
,,,00.000000012160,   9.60000,
,,,00.000000012200,   9.60000,
,,,00.000000012240,   9.60000,
,,,00.000000012280,   9.60000,
,,,00.000000012320,   9.60000,
,,,00.000000012360,   9.60000,
,,,00.000000012400,   9.60000,
,,,00.000000012440,   9.60000,
,,,00.000000012480,   9.60000,
,,,00.000000012520,   9.60000,
,,,00.000000012560,   9.60000,
,,,00.000000012600,   9.60000,
,,,00.000000012640,   9.60000,
,,,00.000000012680,   9.60000,
,,,00.000000012720,   9.60000,
,,,00.000000012760,   9.60000,
,,,00.000000012800,   9.60000,
,,,00.000000012840,   9.60000,
,,,00.000000012880,   9.60000,
,,,00.000000012920,   9.60000,
,,,00.000000012960,   9.60000,
,,,00.000000013000,   9.60000,
,,,00.000000013040,   9.60000,
,,,00.000000013080,   9.60000,
,,,00.000000013120,   9.60000,
,,,00.000000013160,   9.60000,
,,,00.000000013200,   9.60000,
,,,00.000000013240,   9.60000,
,,,00.000000013280,   9.60000,
,,,00.000000013320,   9.60000,
,,,00.000000013360,   9.60000,
,,,00.000000013400,   9.60000,
,,,00.000000013440,   9.60000,
,,,00.000000013480,   9.60000,
,,,00.000000013520,   9.60000,
,,,00.000000013560,   9.60000,
,,,00.000000013600,   9.60000,
,,,00.000000013640,   9.60000,
,,,00.000000013680,   9.60000,
,,,00.000000013720,   9.60000,
,,,00.000000013760,   9.60000,
,,,00.000000013800,   9.60000,
,,,00.000000013840,   9.60000,
,,,00.000000013880,  10.00000,
,,,00.000000013920,  10.00000,
,,,00.000000013960,  10.00000,
,,,00.000000014000,  10.00000,
,,,00.000000014040,  10.00000,
,,,00.000000014080,  10.00000,
,,,00.000000014120,  10.00000,
,,,00.000000014160,  10.00000,
,,,00.000000014200,  10.00000,
,,,00.000000014240,  10.00000,
,,,00.000000014280,  10.00000,
,,,00.000000014320,  10.00000,
,,,00.000000014360,  10.00000,
,,,00.000000014400,  10.00000,
,,,00.000000014440,  10.00000,
,,,00.000000014480,  10.00000,
,,,00.000000014520,  10.00000,
,,,00.000000014560,  10.00000,
,,,00.000000014600,  10.00000,
,,,00.000000014640,  10.00000,
,,,00.000000014680,  10.00000,
,,,00.000000014720,  10.00000,
,,,00.000000014760,  10.00000,
,,,00.000000014800,  10.00000,
,,,00.000000014840,  10.00000,
,,,00.000000014880,  10.00000,
,,,00.000000014920,  10.00000,
,,,00.000000014960,  10.00000,
,,,00.000000015000,  10.00000,
,,,00.000000015040,  10.00000,
,,,00.000000015080,  10.00000,
,,,00.000000015120,  10.00000,
,,,00.000000015160,  10.00000,
,,,00.000000015200,  10.00000,
,,,00.000000015240,  10.00000,
,,,00.000000015280,  10.00000,
,,,00.000000015320,  10.00000,
,,,00.000000015360,  10.00000,
,,,00.000000015400,  10.00000,
,,,00.000000015440,  10.00000,
,,,00.000000015480,  10.00000,
,,,00.000000015520,  10.00000,
,,,00.000000015560,  10.00000,
,,,00.000000015600,  10.00000,
,,,00.000000015640,  10.00000,
,,,00.000000015680,  10.00000,
,,,00.000000015720,  10.00000,
,,,00.000000015760,  10.00000,
,,,00.000000015800,  10.00000,
,,,00.000000015840,  10.00000,
,,,00.000000015880,  10.00000,
,,,00.000000015920,  10.40000,
,,,00.000000015960,  10.40000,
,,,00.000000016000,  10.40000,
,,,00.000000016040,  10.40000,
,,,00.000000016080,  10.40000,
,,,00.000000016120,  10.40000,
,,,00.000000016160,  10.40000,
,,,00.000000016200,  10.40000,
,,,00.000000016240,  10.40000,
,,,00.000000016280,  10.40000,
,,,00.000000016320,  10.40000,
,,,00.000000016360,  10.40000,
,,,00.000000016400,  10.40000,
,,,00.000000016440,  10.40000,
,,,00.000000016480,  10.40000,
,,,00.000000016520,  10.40000,
,,,00.000000016560,  10.40000,
,,,00.000000016600,  10.40000,
,,,00.000000016640,  10.40000,
,,,00.000000016680,  10.40000,
,,,00.000000016720,  10.40000,
,,,00.000000016760,  10.80000,
,,,00.000000016800,  10.80000,
,,,00.000000016840,  10.80000,
,,,00.000000016880,  10.80000,
,,,00.000000016920,  10.80000,
,,,00.000000016960,  10.80000,
,,,00.000000017000,  10.80000,
,,,00.000000017040,  10.80000,
,,,00.000000017080,  10.80000,
,,,00.000000017120,  10.80000,
,,,00.000000017160,  10.80000,
,,,00.000000017200,  10.40000,
,,,00.000000017240,  10.40000,
,,,00.000000017280,  10.40000,
,,,00.000000017320,  10.40000,
,,,00.000000017360,  10.40000,
,,,00.000000017400,  10.40000,
,,,00.000000017440,  10.40000,
,,,00.000000017480,  10.40000,
,,,00.000000017520,  10.40000,
,,,00.000000017560,  10.40000,
,,,00.000000017600,  10.40000,
,,,00.000000017640,  10.40000,
,,,00.000000017680,  10.40000,
,,,00.000000017720,  10.40000,
,,,00.000000017760,  10.40000,
,,,00.000000017800,  10.40000,
,,,00.000000017840,  10.40000,
,,,00.000000017880,  10.40000,
,,,00.000000017920,  10.40000,
,,,00.000000017960,  10.40000,
,,,00.000000018000,  10.40000,
,,,00.000000018040,  10.40000,
,,,00.000000018080,  10.40000,
,,,00.000000018120,  10.40000,
,,,00.000000018160,  10.40000,
,,,00.000000018200,  10.40000,
,,,00.000000018240,  10.40000,
,,,00.000000018280,  10.40000,
,,,00.000000018320,  10.40000,
,,,00.000000018360,  10.40000,
,,,00.000000018400,  10.40000,
,,,00.000000018440,  10.40000,
,,,00.000000018480,  10.40000,
,,,00.000000018520,  10.40000,
,,,00.000000018560,  10.40000,
,,,00.000000018600,  10.40000,
,,,00.000000018640,  10.40000,
,,,00.000000018680,  10.40000,
,,,00.000000018720,  10.40000,
,,,00.000000018760,  10.40000,
,,,00.000000018800,  10.40000,
,,,00.000000018840,  10.40000,
,,,00.000000018880,  10.40000,
,,,00.000000018920,  10.40000,
,,,00.000000018960,  10.40000,
,,,00.000000019000,  10.40000,
,,,00.000000019040,  10.40000,
,,,00.000000019080,  10.40000,
,,,00.000000019120,  10.40000,
,,,00.000000019160,  10.40000,
,,,00.000000019200,  10.40000,
,,,00.000000019240,  10.40000,
,,,00.000000019280,  10.40000,
,,,00.000000019320,  10.40000,
,,,00.000000019360,  10.40000,
,,,00.000000019400,  10.40000,
,,,00.000000019440,  10.40000,
,,,00.000000019480,  10.40000,
,,,00.000000019520,  10.40000,
,,,00.000000019560,  10.40000,
,,,00.000000019600,  10.40000,
,,,00.000000019640,  10.40000,
,,,00.000000019680,  10.40000,
,,,00.000000019720,  10.40000,
,,,00.000000019760,  10.40000,
,,,00.000000019800,  10.40000,
,,,00.000000019840,  10.40000,
,,,00.000000019880,  10.40000,
,,,00.000000019920,  10.40000,
,,,00.000000019960,  10.40000,
,,,00.000000020000,  10.40000,
,,,00.000000020040,  10.40000,
,,,00.000000020080,  10.40000,
,,,00.000000020120,  10.40000,
,,,00.000000020160,  10.00000,
,,,00.000000020200,  10.00000,
,,,00.000000020240,  10.00000,
,,,00.000000020280,  10.00000,
,,,00.000000020320,  10.00000,
,,,00.000000020360,  10.00000,
,,,00.000000020400,  10.00000,
,,,00.000000020440,  10.00000,
,,,00.000000020480,  10.00000,
,,,00.000000020520,  10.00000,
,,,00.000000020560,  10.00000,
,,,00.000000020600,  10.00000,
,,,00.000000020640,  10.00000,
,,,00.000000020680,  10.00000,
,,,00.000000020720,  10.00000,
,,,00.000000020760,  10.00000,
,,,00.000000020800,  10.00000,
,,,00.000000020840,  10.00000,
,,,00.000000020880,  10.00000,
,,,00.000000020920,  10.00000,
,,,00.000000020960,  10.00000,
,,,00.000000021000,  10.00000,
,,,00.000000021040,  10.00000,
,,,00.000000021080,  10.00000,
,,,00.000000021120,  10.00000,
,,,00.000000021160,  10.00000,
,,,00.000000021200,  10.00000,
,,,00.000000021240,  10.00000,
,,,00.000000021280,  10.00000,
,,,00.000000021320,  10.00000,
,,,00.000000021360,   9.60000,
,,,00.000000021400,   9.60000,
,,,00.000000021440,   9.60000,
,,,00.000000021480,   9.60000,
,,,00.000000021520,   9.60000,
,,,00.000000021560,   9.60000,
,,,00.000000021600,   9.60000,
,,,00.000000021640,   9.60000,
,,,00.000000021680,  10.00000,
,,,00.000000021720,  10.00000,
,,,00.000000021760,  10.00000,
,,,00.000000021800,  10.00000,
,,,00.000000021840,  10.00000,
,,,00.000000021880,  10.00000,
,,,00.000000021920,  10.00000,
,,,00.000000021960,  10.00000,
,,,00.000000022000,  10.00000,
,,,00.000000022040,  10.00000,
,,,00.000000022080,  10.00000,
,,,00.000000022120,  10.00000,
,,,00.000000022160,  10.00000,
,,,00.000000022200,  10.00000,
,,,00.000000022240,  10.00000,
,,,00.000000022280,  10.00000,
,,,00.000000022320,  10.00000,
,,,00.000000022360,  10.00000,
,,,00.000000022400,  10.00000,
,,,00.000000022440,  10.00000,
,,,00.000000022480,  10.00000,
,,,00.000000022520,  10.00000,
,,,00.000000022560,  10.00000,
,,,00.000000022600,  10.00000,
,,,00.000000022640,  10.00000,
,,,00.000000022680,  10.00000,
,,,00.000000022720,  10.00000,
,,,00.000000022760,  10.00000,
,,,00.000000022800,  10.00000,
,,,00.000000022840,  10.00000,
,,,00.000000022880,  10.40000,
,,,00.000000022920,  10.40000,
,,,00.000000022960,  10.40000,
,,,00.000000023000,  10.40000,
,,,00.000000023040,  10.40000,
,,,00.000000023080,  10.40000,
,,,00.000000023120,  10.40000,
,,,00.000000023160,  10.40000,
,,,00.000000023200,  10.40000,
,,,00.000000023240,  10.40000,
,,,00.000000023280,  10.40000,
,,,00.000000023320,  10.40000,
,,,00.000000023360,  10.40000,
,,,00.000000023400,  10.40000,
,,,00.000000023440,  10.40000,
,,,00.000000023480,  10.40000,
,,,00.000000023520,  10.40000,
,,,00.000000023560,  10.40000,
,,,00.000000023600,  10.40000,
,,,00.000000023640,  10.40000,
,,,00.000000023680,  10.40000,
,,,00.000000023720,  10.40000,
,,,00.000000023760,  10.40000,
,,,00.000000023800,  10.40000,
,,,00.000000023840,  10.40000,
,,,00.000000023880,  10.40000,
,,,00.000000023920,  10.40000,
,,,00.000000023960,  10.40000,
,,,00.000000024000,  10.40000,
,,,00.000000024040,  10.40000,
,,,00.000000024080,  10.40000,
,,,00.000000024120,  10.40000,
,,,00.000000024160,  10.40000,
,,,00.000000024200,  10.40000,
,,,00.000000024240,  10.40000,
,,,00.000000024280,  10.40000,
,,,00.000000024320,  10.40000,
,,,00.000000024360,  10.40000,
,,,00.000000024400,  10.40000,
,,,00.000000024440,  10.40000,
,,,00.000000024480,  10.40000,
,,,00.000000024520,  10.40000,
,,,00.000000024560,  10.40000,
,,,00.000000024600,  10.40000,
,,,00.000000024640,  10.40000,
,,,00.000000024680,  10.40000,
,,,00.000000024720,  10.40000,
,,,00.000000024760,  10.40000,
,,,00.000000024800,  10.40000,
,,,00.000000024840,  10.40000,
,,,00.000000024880,  10.40000,
,,,00.000000024920,  10.40000,
,,,00.000000024960,  10.40000,
,,,00.000000025000,  10.40000,
,,,00.000000025040,  10.40000,
,,,00.000000025080,  10.40000,
,,,00.000000025120,  10.40000,
,,,00.000000025160,  10.00000,
,,,00.000000025200,  10.00000,
,,,00.000000025240,  10.00000,
,,,00.000000025280,  10.00000,
,,,00.000000025320,  10.00000,
,,,00.000000025360,  10.00000,
,,,00.000000025400,  10.00000,
,,,00.000000025440,  10.00000,
,,,00.000000025480,  10.00000,
,,,00.000000025520,  10.00000,
,,,00.000000025560,  10.00000,
,,,00.000000025600,  10.00000,
,,,00.000000025640,  10.00000,
,,,00.000000025680,  10.00000,
,,,00.000000025720,  10.00000,
,,,00.000000025760,  10.00000,
,,,00.000000025800,  10.00000,
,,,00.000000025840,  10.00000,
,,,00.000000025880,  10.00000,
,,,00.000000025920,  10.00000,
,,,00.000000025960,  10.00000,
,,,00.000000026000,  10.00000,
,,,00.000000026040,  10.00000,
,,,00.000000026080,  10.00000,
,,,00.000000026120,  10.00000,
,,,00.000000026160,  10.00000,
,,,00.000000026200,  10.00000,
,,,00.000000026240,  10.00000,
,,,00.000000026280,  10.00000,
,,,00.000000026320,  10.00000,
,,,00.000000026360,   9.60000,
,,,00.000000026400,   9.60000,
,,,00.000000026440,   9.60000,
,,,00.000000026480,   9.60000,
,,,00.000000026520,   9.60000,
,,,00.000000026560,   9.60000,
,,,00.000000026600,   9.60000,
,,,00.000000026640,   9.60000,
,,,00.000000026680,  10.00000,
,,,00.000000026720,  10.00000,
,,,00.000000026760,  10.00000,
,,,00.000000026800,  10.00000,
,,,00.000000026840,  10.00000,
,,,00.000000026880,  10.00000,
,,,00.000000026920,  10.00000,
,,,00.000000026960,  10.00000,
,,,00.000000027000,  10.00000,
,,,00.000000027040,  10.00000,
,,,00.000000027080,  10.00000,
,,,00.000000027120,  10.00000,
,,,00.000000027160,  10.00000,
,,,00.000000027200,  10.00000,
,,,00.000000027240,  10.00000,
,,,00.000000027280,  10.00000,
,,,00.000000027320,  10.00000,
,,,00.000000027360,  10.00000,
,,,00.000000027400,  10.00000,
,,,00.000000027440,  10.00000,
,,,00.000000027480,  10.00000,
,,,00.000000027520,  10.00000,
,,,00.000000027560,  10.00000,
,,,00.000000027600,  10.00000,
,,,00.000000027640,  10.00000,
,,,00.000000027680,  10.00000,
,,,00.000000027720,  10.00000,
,,,00.000000027760,  10.00000,
,,,00.000000027800,  10.00000,
,,,00.000000027840,  10.40000,
,,,00.000000027880,  10.40000,
,,,00.000000027920,  10.40000,
,,,00.000000027960,  10.40000,
,,,00.000000028000,  10.40000,
,,,00.000000028040,  10.40000,
,,,00.000000028080,  10.40000,
,,,00.000000028120,  10.40000,
,,,00.000000028160,  10.40000,
,,,00.000000028200,  10.00000,
,,,00.000000028240,  10.00000,
,,,00.000000028280,  10.00000,
,,,00.000000028320,  10.00000,
,,,00.000000028360,  10.00000,
,,,00.000000028400,  10.00000,
,,,00.000000028440,  10.00000,
,,,00.000000028480,  10.00000,
,,,00.000000028520,  10.00000,
,,,00.000000028560,  10.00000,
,,,00.000000028600,  10.00000,
,,,00.000000028640,  10.00000,
,,,00.000000028680,  10.00000,
,,,00.000000028720,  10.00000,
,,,00.000000028760,  10.00000,
,,,00.000000028800,  10.00000,
,,,00.000000028840,  10.00000,
,,,00.000000028880,  10.00000,
,,,00.000000028920,  10.00000,
,,,00.000000028960,  10.00000,
,,,00.000000029000,  10.00000,
,,,00.000000029040,  10.00000,
,,,00.000000029080,  10.00000,
,,,00.000000029120,  10.00000,
,,,00.000000029160,  10.00000,
,,,00.000000029200,  10.00000,
,,,00.000000029240,  10.00000,
,,,00.000000029280,  10.00000,
,,,00.000000029320,  10.00000,
,,,00.000000029360,  10.00000,
,,,00.000000029400,  10.00000,
,,,00.000000029440,  10.00000,
,,,00.000000029480,  10.00000,
,,,00.000000029520,  10.00000,
,,,00.000000029560,  10.00000,
,,,00.000000029600,  10.00000,
,,,00.000000029640,  10.00000,
,,,00.000000029680,  10.00000,
,,,00.000000029720,  10.00000,
,,,00.000000029760,  10.00000,
,,,00.000000029800,  10.00000,
,,,00.000000029840,  10.40000,
,,,00.000000029880,  10.40000,
,,,00.000000029920,  10.40000,
,,,00.000000029960,  10.40000,
,,,00.000000030000,  10.40000,
,,,00.000000030040,  10.40000,
,,,00.000000030080,  10.40000,
,,,00.000000030120,  10.40000,
,,,00.000000030160,  10.40000,
,,,00.000000030200,  10.00000,
,,,00.000000030240,  10.00000,
,,,00.000000030280,  10.00000,
,,,00.000000030320,  10.00000,
,,,00.000000030360,  10.00000,
,,,00.000000030400,  10.00000,
,,,00.000000030440,  10.00000,
,,,00.000000030480,  10.00000,
,,,00.000000030520,  10.00000,
,,,00.000000030560,  10.00000,
,,,00.000000030600,  10.00000,
,,,00.000000030640,  10.00000,
,,,00.000000030680,  10.00000,
,,,00.000000030720,  10.00000,
,,,00.000000030760,  10.00000,
,,,00.000000030800,  10.00000,
,,,00.000000030840,  10.00000,
,,,00.000000030880,  10.00000,
,,,00.000000030920,  10.00000,
,,,00.000000030960,  10.00000,
,,,00.000000031000,  10.00000,
,,,00.000000031040,  10.00000,
,,,00.000000031080,  10.00000,
,,,00.000000031120,  10.00000,
,,,00.000000031160,  10.00000,
,,,00.000000031200,  10.00000,
,,,00.000000031240,  10.00000,
,,,00.000000031280,  10.00000,
,,,00.000000031320,  10.00000,
,,,00.000000031360,  10.00000,
,,,00.000000031400,  10.00000,
,,,00.000000031440,  10.00000,
,,,00.000000031480,  10.00000,
,,,00.000000031520,  10.00000,
,,,00.000000031560,  10.00000,
,,,00.000000031600,  10.00000,
,,,00.000000031640,  10.00000,
,,,00.000000031680,  10.00000,
,,,00.000000031720,  10.00000,
,,,00.000000031760,  10.00000,
,,,00.000000031800,  10.00000,
,,,00.000000031840,  10.00000,
,,,00.000000031880,  10.40000,
,,,00.000000031920,  10.40000,
,,,00.000000031960,  10.40000,
,,,00.000000032000,  10.40000,
,,,00.000000032040,  10.40000,
,,,00.000000032080,  10.40000,
,,,00.000000032120,  10.40000,
,,,00.000000032160,  10.40000,
,,,00.000000032200,  10.40000,
,,,00.000000032240,  10.40000,
,,,00.000000032280,  10.40000,
,,,00.000000032320,  10.40000,
,,,00.000000032360,  10.40000,
,,,00.000000032400,  10.40000,
,,,00.000000032440,  10.40000,
,,,00.000000032480,  10.40000,
,,,00.000000032520,  10.40000,
,,,00.000000032560,  10.40000,
,,,00.000000032600,  10.40000,
,,,00.000000032640,  10.40000,
,,,00.000000032680,  10.40000,
,,,00.000000032720,  10.40000,
,,,00.000000032760,  10.40000,
,,,00.000000032800,  10.40000,
,,,00.000000032840,  10.40000,
,,,00.000000032880,  10.40000,
,,,00.000000032920,  10.40000,
,,,00.000000032960,  10.40000,
,,,00.000000033000,  10.40000,
,,,00.000000033040,  10.40000,
,,,00.000000033080,  10.40000,
,,,00.000000033120,  10.40000,
,,,00.000000033160,  10.40000,
,,,00.000000033200,  10.40000,
,,,00.000000033240,  10.40000,
,,,00.000000033280,  10.40000,
,,,00.000000033320,  10.40000,
,,,00.000000033360,  10.40000,
,,,00.000000033400,  10.40000,
,,,00.000000033440,  10.40000,
,,,00.000000033480,  10.40000,
,,,00.000000033520,  10.40000,
,,,00.000000033560,  10.40000,
,,,00.000000033600,  10.40000,
,,,00.000000033640,  10.40000,
,,,00.000000033680,  10.40000,
,,,00.000000033720,  10.40000,
,,,00.000000033760,  10.40000,
,,,00.000000033800,  10.40000,
,,,00.000000033840,  10.40000,
,,,00.000000033880,  10.40000,
,,,00.000000033920,  10.40000,
,,,00.000000033960,  10.40000,
,,,00.000000034000,  10.40000,
,,,00.000000034040,  10.40000,
,,,00.000000034080,  10.40000,
,,,00.000000034120,  10.40000,
,,,00.000000034160,  10.40000,
,,,00.000000034200,  10.40000,
,,,00.000000034240,  10.40000,
,,,00.000000034280,  10.40000,
,,,00.000000034320,  10.40000,
,,,00.000000034360,  10.40000,
,,,00.000000034400,  10.40000,
,,,00.000000034440,  10.40000,
,,,00.000000034480,  10.40000,
,,,00.000000034520,  10.40000,
,,,00.000000034560,  10.40000,
,,,00.000000034600,  10.40000,
,,,00.000000034640,  10.40000,
,,,00.000000034680,  10.40000,
,,,00.000000034720,  10.40000,
,,,00.000000034760,  10.40000,
,,,00.000000034800,  10.40000,
,,,00.000000034840,  10.40000,
,,,00.000000034880,  10.40000,
,,,00.000000034920,  10.40000,
,,,00.000000034960,  10.40000,
,,,00.000000035000,  10.40000,
,,,00.000000035040,  10.40000,
,,,00.000000035080,  10.40000,
,,,00.000000035120,  10.40000,
,,,00.000000035160,  10.40000,
,,,00.000000035200,  10.40000,
,,,00.000000035240,  10.40000,
,,,00.000000035280,  10.40000,
,,,00.000000035320,  10.40000,
,,,00.000000035360,  10.40000,
,,,00.000000035400,  10.40000,
,,,00.000000035440,  10.40000,
,,,00.000000035480,  10.40000,
,,,00.000000035520,  10.40000,
,,,00.000000035560,  10.40000,
,,,00.000000035600,  10.40000,
,,,00.000000035640,  10.40000,
,,,00.000000035680,  10.40000,
,,,00.000000035720,  10.40000,
,,,00.000000035760,  10.40000,
,,,00.000000035800,  10.40000,
,,,00.000000035840,  10.40000,
,,,00.000000035880,  10.40000,
,,,00.000000035920,  10.40000,
,,,00.000000035960,  10.40000,
,,,00.000000036000,  10.40000,
,,,00.000000036040,  10.40000,
,,,00.000000036080,  10.40000,
,,,00.000000036120,  10.40000,
,,,00.000000036160,  10.00000,
,,,00.000000036200,  10.00000,
,,,00.000000036240,  10.00000,
,,,00.000000036280,  10.00000,
,,,00.000000036320,  10.00000,
,,,00.000000036360,  10.00000,
,,,00.000000036400,  10.00000,
,,,00.000000036440,  10.00000,
,,,00.000000036480,  10.00000,
,,,00.000000036520,  10.00000,
,,,00.000000036560,  10.00000,
,,,00.000000036600,  10.00000,
,,,00.000000036640,  10.00000,
,,,00.000000036680,  10.00000,
,,,00.000000036720,  10.00000,
,,,00.000000036760,  10.00000,
,,,00.000000036800,  10.00000,
,,,00.000000036840,  10.00000,
,,,00.000000036880,  10.00000,
,,,00.000000036920,  10.00000,
,,,00.000000036960,  10.00000,
,,,00.000000037000,  10.00000,
,,,00.000000037040,  10.00000,
,,,00.000000037080,  10.00000,
,,,00.000000037120,  10.00000,
,,,00.000000037160,  10.00000,
,,,00.000000037200,  10.00000,
,,,00.000000037240,  10.00000,
,,,00.000000037280,  10.00000,
,,,00.000000037320,  10.00000,
,,,00.000000037360,  10.00000,
,,,00.000000037400,  10.00000,
,,,00.000000037440,  10.00000,
,,,00.000000037480,  10.00000,
,,,00.000000037520,  10.00000,
,,,00.000000037560,  10.00000,
,,,00.000000037600,  10.00000,
,,,00.000000037640,  10.00000,
,,,00.000000037680,  10.00000,
,,,00.000000037720,  10.00000,
,,,00.000000037760,  10.00000,
,,,00.000000037800,  10.00000,
,,,00.000000037840,  10.00000,
,,,00.000000037880,  10.40000,
,,,00.000000037920,  10.40000,
,,,00.000000037960,  10.40000,
,,,00.000000038000,  10.40000,
,,,00.000000038040,  10.40000,
,,,00.000000038080,  10.40000,
,,,00.000000038120,  10.40000,
,,,00.000000038160,  10.40000,
,,,00.000000038200,  10.40000,
,,,00.000000038240,  10.40000,
,,,00.000000038280,  10.40000,
,,,00.000000038320,  10.40000,
,,,00.000000038360,  10.40000,
,,,00.000000038400,  10.40000,
,,,00.000000038440,  10.40000,
,,,00.000000038480,  10.40000,
,,,00.000000038520,  10.40000,
,,,00.000000038560,  10.40000,
,,,00.000000038600,  10.40000,
,,,00.000000038640,  10.40000,
,,,00.000000038680,  10.40000,
,,,00.000000038720,  10.40000,
,,,00.000000038760,  10.40000,
,,,00.000000038800,  10.40000,
,,,00.000000038840,  10.40000,
,,,00.000000038880,  10.40000,
,,,00.000000038920,  10.40000,
,,,00.000000038960,  10.40000,
,,,00.000000039000,  10.40000,
,,,00.000000039040,  10.40000,
,,,00.000000039080,  10.40000,
,,,00.000000039120,  10.40000,
,,,00.000000039160,  10.40000,
,,,00.000000039200,  10.40000,
,,,00.000000039240,  10.40000,
,,,00.000000039280,  10.40000,
,,,00.000000039320,  10.40000,
,,,00.000000039360,  10.40000,
,,,00.000000039400,  10.40000,
,,,00.000000039440,  10.40000,
,,,00.000000039480,  10.40000,
,,,00.000000039520,  10.40000,
,,,00.000000039560,  10.40000,
,,,00.000000039600,  10.40000,
,,,00.000000039640,  10.40000,
,,,00.000000039680,  10.40000,
,,,00.000000039720,  10.40000,
,,,00.000000039760,  10.40000,
,,,00.000000039800,  10.40000,
,,,00.000000039840,  10.80000,
,,,00.000000039880,  10.80000,
,,,00.000000039920,  10.80000,
,,,00.000000039960,  10.80000,
,,,00.000000040000,  10.80000,
,,,00.000000040040,  10.80000,
,,,00.000000040080,  10.80000,
,,,00.000000040120,  10.80000,
,,,00.000000040160,  10.80000,
,,,00.000000040200,  10.40000,
,,,00.000000040240,  10.40000,
,,,00.000000040280,  10.40000,
,,,00.000000040320,  10.40000,
,,,00.000000040360,  10.40000,
,,,00.000000040400,  10.40000,
,,,00.000000040440,  10.40000,
,,,00.000000040480,  10.40000,
,,,00.000000040520,  10.40000,
,,,00.000000040560,  10.40000,
,,,00.000000040600,  10.40000,
,,,00.000000040640,  10.40000,
,,,00.000000040680,  10.40000,
,,,00.000000040720,  10.40000,
,,,00.000000040760,  10.40000,
,,,00.000000040800,  10.40000,
,,,00.000000040840,  10.40000,
,,,00.000000040880,  10.40000,
,,,00.000000040920,  10.40000,
,,,00.000000040960,  10.40000,
,,,00.000000041000,  10.40000,
,,,00.000000041040,  10.40000,
,,,00.000000041080,  10.40000,
,,,00.000000041120,  10.40000,
,,,00.000000041160,  10.40000,
,,,00.000000041200,  10.40000,
,,,00.000000041240,  10.40000,
,,,00.000000041280,  10.40000,
,,,00.000000041320,  10.40000,
,,,00.000000041360,  10.40000,
,,,00.000000041400,  10.40000,
,,,00.000000041440,  10.40000,
,,,00.000000041480,  10.40000,
,,,00.000000041520,  10.40000,
,,,00.000000041560,  10.40000,
,,,00.000000041600,  10.40000,
,,,00.000000041640,  10.40000,
,,,00.000000041680,  10.40000,
,,,00.000000041720,  10.40000,
,,,00.000000041760,  10.40000,
,,,00.000000041800,  10.40000,
,,,00.000000041840,  10.40000,
,,,00.000000041880,  10.40000,
,,,00.000000041920,  10.40000,
,,,00.000000041960,  10.40000,
,,,00.000000042000,  10.40000,
,,,00.000000042040,  10.40000,
,,,00.000000042080,  10.40000,
,,,00.000000042120,  10.40000,
,,,00.000000042160,  10.00000,
,,,00.000000042200,  10.00000,
,,,00.000000042240,  10.00000,
,,,00.000000042280,  10.00000,
,,,00.000000042320,  10.00000,
,,,00.000000042360,  10.00000,
,,,00.000000042400,  10.00000,
,,,00.000000042440,  10.00000,
,,,00.000000042480,  10.00000,
,,,00.000000042520,  10.00000,
,,,00.000000042560,  10.00000,
,,,00.000000042600,  10.00000,
,,,00.000000042640,  10.00000,
,,,00.000000042680,  10.00000,
,,,00.000000042720,  10.00000,
,,,00.000000042760,  10.00000,
,,,00.000000042800,  10.00000,
,,,00.000000042840,  10.00000,
,,,00.000000042880,  10.00000,
,,,00.000000042920,  10.00000,
,,,00.000000042960,  10.00000,
,,,00.000000043000,  10.00000,
,,,00.000000043040,  10.00000,
,,,00.000000043080,  10.00000,
,,,00.000000043120,  10.00000,
,,,00.000000043160,  10.00000,
,,,00.000000043200,  10.00000,
,,,00.000000043240,  10.00000,
,,,00.000000043280,  10.00000,
,,,00.000000043320,  10.00000,
,,,00.000000043360,  10.00000,
,,,00.000000043400,  10.00000,
,,,00.000000043440,  10.00000,
,,,00.000000043480,  10.00000,
,,,00.000000043520,  10.00000,
,,,00.000000043560,  10.00000,
,,,00.000000043600,  10.00000,
,,,00.000000043640,  10.00000,
,,,00.000000043680,  10.00000,
,,,00.000000043720,  10.00000,
,,,00.000000043760,  10.00000,
,,,00.000000043800,  10.00000,
,,,00.000000043840,  10.00000,
,,,00.000000043880,  10.40000,
,,,00.000000043920,  10.40000,
,,,00.000000043960,  10.40000,
,,,00.000000044000,  10.40000,
,,,00.000000044040,  10.40000,
,,,00.000000044080,  10.40000,
,,,00.000000044120,  10.40000,
,,,00.000000044160,  10.40000,
,,,00.000000044200,  10.40000,
,,,00.000000044240,  10.40000,
,,,00.000000044280,  10.40000,
,,,00.000000044320,  10.40000,
,,,00.000000044360,  10.40000,
,,,00.000000044400,  10.40000,
,,,00.000000044440,  10.40000,
,,,00.000000044480,  10.40000,
,,,00.000000044520,  10.40000,
,,,00.000000044560,  10.40000,
,,,00.000000044600,  10.40000,
,,,00.000000044640,  10.40000,
,,,00.000000044680,  10.40000,
,,,00.000000044720,  10.40000,
,,,00.000000044760,  10.40000,
,,,00.000000044800,  10.40000,
,,,00.000000044840,  10.40000,
,,,00.000000044880,  10.40000,
,,,00.000000044920,  10.40000,
,,,00.000000044960,  10.40000,
,,,00.000000045000,  10.40000,
,,,00.000000045040,  10.40000,
,,,00.000000045080,  10.40000,
,,,00.000000045120,  10.40000,
,,,00.000000045160,  10.40000,
,,,00.000000045200,  10.40000,
,,,00.000000045240,  10.40000,
,,,00.000000045280,  10.40000,
,,,00.000000045320,  10.40000,
,,,00.000000045360,  10.40000,
,,,00.000000045400,  10.40000,
,,,00.000000045440,  10.40000,
,,,00.000000045480,  10.40000,
,,,00.000000045520,  10.40000,
,,,00.000000045560,  10.40000,
,,,00.000000045600,  10.40000,
,,,00.000000045640,  10.40000,
,,,00.000000045680,  10.40000,
,,,00.000000045720,  10.40000,
,,,00.000000045760,  10.40000,
,,,00.000000045800,  10.40000,
,,,00.000000045840,  10.40000,
,,,00.000000045880,  10.40000,
,,,00.000000045920,  10.40000,
,,,00.000000045960,  10.40000,
,,,00.000000046000,  10.40000,
,,,00.000000046040,  10.40000,
,,,00.000000046080,  10.40000,
,,,00.000000046120,  10.40000,
,,,00.000000046160,  10.40000,
,,,00.000000046200,  10.40000,
,,,00.000000046240,  10.40000,
,,,00.000000046280,  10.40000,
,,,00.000000046320,  10.40000,
,,,00.000000046360,  10.40000,
,,,00.000000046400,  10.40000,
,,,00.000000046440,  10.40000,
,,,00.000000046480,  10.40000,
,,,00.000000046520,  10.40000,
,,,00.000000046560,  10.40000,
